,answer,clue,couple_occurencies
0,DIAMONDSAREFOREVER,116 Across film of '71,2
1,FROMRUSSIAWITHLOVE,116 Across film of '63,2
2,NEWYEARSRESOLUTION,Annual to-do item,2
3,THANKSGIVINGDINNER,Holiday get-together,2
4,DAYSOFWINEANDROSES,1962 Jack Lemmon film,1
5,ENERGYCONVERSATION,Pep talk?,1
6,FRIEDGREENTOMATOES,1991 Jessica Tandy film,1
7,GIJOECOCKERSPANIEL,Enlisted man's best friend?,1
8,ROUNDROBINCOOKOFFS,Tournaments for chefs?,1
9,STEALSTHESTOPLIGHT,Wreaks havoc at an intersection?,1
10,SAWNOREASONTOSTUDY,The optometry-school flunkout ___,1
11,TOOKWAYTOOMANYCUTS,The barber-school flunkout ___,1
12,CURBYOURENTHUSIASM,"Relax, it's just a sidewalk!",1
13,PUTAFORKINMEIMDONE,All we need now is an intersection!,1
14,ARMEDFORCESSOLDIER,GI,1
15,BARELYUNDERTHEWIRE,Almost late,1
16,HARMFULIFSWALLOWED,On a package of fishing lures,1
17,JUSTBEFOREDEADLINE,Almost late,1
18,MAYCAUSEDROWSINESS,On a packet of sleeping pills,1
19,SUNFLOWERSTATECODE,KS,1
20,ABSABSABSABSABSABS,"Gym rat's goal, so to speak",1
21,BACHELORSOFARTHURS,Degrees,1
22,BELLBUCKANDKENDALL,Inventor plus author plus novelist,1
23,GUNGUNGUNGUNGUNGUN,Wild West revolvers,1
24,HOOKELYONANDSINGER,Physicist plus actress plus novelist,1
25,PNEUMONIAPNEUMONIA,Inflammation of both lungs,1
26,TIERRADELBERTFUEGO,Tip of South America,1
27,TIMEISITSOWNREWARD,Mixed maxim,1
28,WASTENOTLEADTOROME,Mixed maxim,1
29,AFATEWORSETHANDEBT,Bankruptcy,1
30,HICKORYDICKORYDOCK,Famous first line,1
31,MUCHADOABOUTMUTTON,Lamb stew,1
32,TREESBYJOYCEKILMER,Popular classroom recital,1
33,CHRISTMASANDEASTER,Two islands,1
34,GARGOYLESTWICEADAY,Practices monstrous oral hygiene?,1
35,KRAKATOAEASTOFJAVA,Movie later retitled Volcano,1
36,LETUSBESACRIFICERS,"This team must learn to bunt (Julius Caesar, ii, 1, 166)",1
37,NINETEENEIGHTYFOUR,Novel to sober up by?,1
38,OGRETHEREOGRETHERE,Monster's World War I refrain?,1
39,TAKEACUPOFKINDNESS,Burns' hangover remedy? (in modern English),1
40,TISAPLAYINGDAYISEE,"Observation upon checking the schedule? (Merry Wives of Windsor, iv, 1, 9)",1
41,AUTOBIOGRAPHICALLY,One way to write,1
42,MYWICKEDWICKEDWAYS,Errol Flynn's book,1
43,SPEAKERSOFTHEHOUSE,Buff's prized possessions?,1
44,WOOFERSANDTWEETERS,Buffs of kennel and cage?,1
45,COINSINTHEFOUNTAIN,3,1
46,COMMANDMENTSOFLOVE,10,1
47,ISTHMUSSCHMISTHMUS,You call this a land bridge?,1
48,SAYTHESEFASTTHRICE,Directions for this puzzle's log entries,1
49,ACHINESERESTAURANT,"Riddle, part three",1
50,PUTASEVERESTRAINON,TAX,1
51,TENNISCOURTBARRIER,NET,1
52,WHICHDOESMUCHOFITS,"Riddle, part four",1
53,CANBEVICEPRESIDENT,End of quote,1
54,DEMOCRACYMEANSTHAT,Start of a Johnny Carson quote,1
55,DIRECTOROFINANDOUT,Oz,1
56,MAILORDERMERCHANTS,Catalog distributors,1
57,MARSORBITERMISSION,"Mariner 9, e.g.",1
58,POLICEHADTOBREAKUP,Start of a news story,1
59,RYDERSOFTHELOSTARK,Winona's movie?,1
60,SUDDENLYTURNEDUGLY,End of news story,1
61,BEINGQUIETINPUBLIC,End of quote,1
62,DIDYOUHEARABOUTTHE,Start of a joke setup,1
63,HECOULDNTPUTITDOWN,The punch line,1
64,ITSAGREATINVENTION,Start of a Garrison Keillor quote re the cell phone,1
65,HERFLYOFFTHEHANDLE,End of quip,1
66,HEYYOURFEETARECOLD,Pillow talk?,1
67,LEAGUEBASEBALLGAME,"Trivia fact, part 5",1
68,MARTINLUTHERKINGJR,See 52 Across,1
69,NINETEENSIXTYTHREE,See 85 Across,1
70,TEMPERANCEADVOCATE,"CARRY Nation, e.g.",1
71,THEBROOKLYNDODGERS,"Trivia fact, part 2",1
72,THISPASTHALLOWEENI,Start of a quip,1
73,UNITEDSTATESSENATE,"Venue for John KERRY or, formerly, Bob KERREY",1
74,WAKEUPIHEARDANOISE,Pillow talk?,1
75,BEATSIXESANDSEVENS,"Need mediation, maybe",1
76,DRESSINGTOTHENINES,Big-night-out prep,1
77,INTHEWORLDISTOKNOW,"Quotation, part two",1
78,LESTERPEARSONWINDS,1960s Canadian leader's gales?,1
79,MICHAELLANDONSTRIP,TV actor's burlesque performance?,1
80,WATCHSOMEONEELSEDO,"Quotation, part five",1
81,EDITORINTHEFUNNIES,SHOE,1
82,FOLLOWRELENTLESSLY,DOG,1
83,MARTINLUTHERKINGJR,Man with a dream,1
84,MYPSYCHIATRISTSAID,Part three of quote,1
85,THATBROUGHTTEARSTO,Part five of quote,1
86,WILLIAMSHAKESPEARE,A Midsummer Night's Dream author,1
87,GIVEYOUACHEAPLAUGH,End of quote,1
88,HAVEANYDEEPMEANING,Part 2 of quote,1
89,ADDAMSFAMILYVALUES,1993 movie sequel,1
90,FORFOURUNLESSTHERE,"Quote, Part 4",1
91,HELENABONHAMCARTER,Howards End cast member,1
92,JACKIEJOYNERKERSEE,Heptathlon great,1
93,LIGHTSCAMERAACTION,Director's call,1
94,PRINCEEDWARDISLAND,1534 Cartier discovery,1
95,SANTASLITTLEHELPER,The Simpsons' dog,1
96,TOLDMETOSTOPHAVING,"Quote, Part 2",1
97,BLUSHWITHGREATNESS,Sommelier's best offering?,1
98,COMEDOWNINTAWRENCE,"Pour, to Gertrude L.?",1
99,FISHANDCHIPSANDDIP,Dinner party mix?,1
100,IHAVETOCHANGEATIRE,"Oh, nuts!",1
101,SAVINGPRIVATERHINE,Sommelier's war movie?,1
102,SHORTSTAURIEWRITER,"O. Henry, e.g., to Hugh L.?",1
103,THATGRENADEWASADUD,"Oh, blast!",1
104,WASHANDWEARANDTEAR,Like some well-tested garments?,1
105,EXPENSIVEAPARTMENT,Part 4 of quote,1
106,IWANTTOLIVEINAMORE,Part 3 of quote,1
107,ANDROMEDADROMEDARY,Camel in a constellation?,1
108,FORGOTTENTHEIRNAME,"Meaning of 108-Across, Part 5",1
109,INTRODUCINGSOMEONE,"Meaning of 108-Across, Part 2",1
110,RUNWAYFORYOURLIVES,"Career models, here's the __?",1
111,THEGANGWAYSALLHERE,We finished the planking; you can board now?,1
112,THESPLINTEREDTABLE,NPR show about worn furniture?,1
113,UNSCATHEDCATHEDRAL,Church without a bit of damage?,1
114,WAITWAITDONTTASEME,NPR show about subduing crooks?,1
115,ASLAVEOFWALLSTREET,Workaholic trader?,1
116,PHILLIPSBUYERSCLUB,Hardware co-op?,1
117,SYMMETRYMAYHAVEITS,Start of a quote from physicist Marcelo Gleiser,1
118,AMMANFORALLSEASONS,Year-round home in Jordan?,1
119,BRAZILIANCOTILLION,Ball in Rio?,1
120,EGYPTIANCONNIPTION,Memphis fit?,1
121,KHARTOUMCHARACTERS,Some Sudanese?,1
122,RESCUETRANSMISSION,Mayday!?,1
123,THETRANSPARENTTRAP,Well-camouflaged snare?,1
124,ARRIVEDERCIROMAINE,Lettuce boycott slogan?,1
125,FULLBODIEDREDSWINE,"Duroc, for one (18)",1
126,NECTARINEOFTHEGODS,Heavenly fruit?,1
127,ONASWINGANDAPRAYER,Tiger's hole-in-one wish?,1
128,HETHATBLOWSCOALSIN,Start of Benjamin Franklin quote,1
129,IMMORTALITYWHODONT,Part 2 of quote,1
130,SPARKSFLYINHISFACE,End of quote,1
131,THEMSELVESONARAINY,Part 5 of quote,1
132,ICANNORMALLYSEDATE,Part 5 of quote,1
133,KNOWLEDGEFORWISDOM,Part 2 of quote,1
134,STRUGGLINGTOGETOUT,Part 3 of quote,1
135,WHILETHEOTHERHELPS,Part 5 of quote,1
136,PORTOBELLOMUSHROOM,Its caps can be prepared as substitute hamburger buns or pizza crusts,1
137,RINGBELLFORSERVICE,Sign at an empty hotel desk,1
138,BASELESSACCUSATION,Part of a typical John McEnroe outburst,1
139,SOMETHINGISNTRIGHT,Tennis player's comment upon seeing a court with no net,1
140,UPSTAIRSDOWNSTAIRS,1970s BBC series revived in 2010,2
141,FIGHTSTOOTHANDCLAW,Struggles fiercely,1
142,TURNSTHEOTHERCHEEK,Refuses to retaliate,1
143,NECESSARYROUGHNESS,Plea to a referee?,1
144,SONGOFSCHEHERAZADE,Movie-bio of Rimsky-Korsakov,1
145,THECROSSOFLORRAINE,Jean-Pierre Aumont film,1
146,UNNATURALSELECTION,Darwinian deviation?,1
147,IDIDNTKNOWABOUTYOU,Another arrangement,1
148,INASENTIMENTALMOOD,Arrangement by 59 Across,1
149,HELLERINPINKTIGHTS,Loren/Quinn film of '60,1
150,ITWASAVERYGOODYEAR,Possibly the most favorite,1
151,THEBESTISYETTOCOME,79 Across favorite,1
152,YELLOWLADYSSLIPPER,Showy orchid,1
153,DOWNFORTHEDISCOUNT,On a VIP customer list?,1
154,ELECTIONBOARDBORED,VOTER REGISTRATION HITS RECORD LOW,1
155,MARCHINGBANDBANNED,NO MORE HALFTIME MUSIC!,1
156,MERRYMONTHOFDISMAY,Time of conflicting emotions?,1
157,RUNNINGINTOTROUBLE,Difficult exercise?,1
158,STRETCHINGTHETRUTH,Exaggerated exercise?,1
159,GALSONTHEBANDWAGON,Women joining a cause?,1
160,LEAVINGONAJETPLANE,"No. 1 hit for Peter, Paul & Mary",1
161,MULTIPLICATIONTALE,Story of a rabbit family? (B-),1
162,ONASLOWBOATTOCHINA,1948 Frank Loesser song,1
163,REDCARPALTREATMENT,Wrist bruise remedy?,1
164,VARSITYCROWINGTEAM,First-string braggarts? (C+),1
165,IJUSTHAVETOSPLURGE,More of the verse,1
166,ITSTASTYANDITSLEAN,More of the verse,1
167,MAKEGRANDENTRANCES,Prima donna principle #4,1
168,TALKDOWNTOEVERYONE,Prima donna principle #3,1
169,BLOODSWEATANDTEARS,Spinning Wheel group,1
170,BROTHERHOODOFMACON,Georgia fraternity?,1
171,CLASSACTIONLAWSUIT,Erin Brockovich subject,1
172,COOKIEFROMMUSKOGEE,Sooner State snack?,1
173,DEADMANWALKINGTALL,Movie about a statuesque zombie?,1
174,ISNTEASYTODEALWITH,The casino employee...,1
175,RISESTOTHEOCCASION,An aviator ...,1
176,RUNSFULLSTEAMAHEAD,The dry cleaner ...,1
177,STEALSALLTHECREDIT,The bill collector...,1
178,THEUGLYAMERICANPIE,Movie about an unappetizing dessert?,1
179,HATEYOUAWAYFROMTHE,More of the quote,1
180,IDONTWANTTOACHIEVE,Start of a quip,1
181,IMMORTALITYTHROUGH,"Quip, part 2",1
182,INTERACTIVEVOLCANO,Entry at a science fair?,1
183,ISTOKEEPTHEGUYSWHO,More of the quote,1
184,NOTDYINGWOODYALLEN,End of the quip and its author,1
185,NOTHINGBUTINTERNET,Unlimited Web access?,1
186,TOACHIEVEITTHROUGH,"Quip, part 4",1
187,BOBCATSBURYNUGGETS,Earthmovers run amok at gold mine?,1
188,SPURSMAULMAVERICKS,Cattle cruelty rampant at rodeo?,1
189,GREATWALLOPOFCHINA,Strong punch from Beijing?,1
190,INTHEHATOFTHENIGHT,Show about evening performers' topper varieties?,1
191,MARREDWITHCHILDREN,Show about the damage kids inflict on their parents?,1
192,VALLEYOFTHEDOLLOPS,Area known for whipped cream?,1
193,BUILTFORDURABILITY,Automotive message,1
194,CONDESCENDINGCOLON,Patronizing part of the digestive tract?,1
195,FIELDANDSTREAMGOAL,"Attracting outdoorsy readers, say?",1
196,FOREGONECONCLUSION,E,1
197,MALCOLMINTHEMIDDLE,C,1
198,MASTEROFCONSCIENCE,Angel on one's shoulder?,1
199,POINTANDCLICKGUARD,Web site security expert?,1
200,ROCKANDROLLLOBSTER,Crustacean with an electric guitar?,1
201,SHOWANDTELLSTOPPER,Fire alarm during kindergarten?,1
202,THEREASONYOULOVETV,Electronics message,1
203,DRIVEAROUNDTHEBEND,Golfer's slicing tee shot?,1
204,FLEETDONTFAILMENOW,Line in an admiral's pep talk?,1
205,MOSTFLAVOREDNATION,Country with the tastiest cuisine?,1
206,ONAEWINGANDAPRAYER,How the Knicks of 1985-2000 may have rested their hopes?,1
207,PREPOSITIONALFRAYS,Grammar class skirmishes?,1
208,STROKEOFMISFORTUNE,Golfer's shot into a water hazard?,1
209,THEBELLEOFTHEBRAWL,Looker in a free-for-all?,1
210,YOOHOOSLAUGHINGNOW,Headline about declining sales of Nesquik?,1
211,BIGROUNDOFAPPLAUSE,One might prompt a curtain call,1
212,BLASTFROMTHEPASTOR,Pulpit tirade?,1
213,FAIRANDSQUAREMETER,Fixture that refunds money for unused time?,1
214,IMTOOCHEAPTOEATOUT,Likes home cooking means ...,1
215,INVENTORYREDUCTION,Week 2,1
216,IOWNAMETALDETECTOR,Enjoys the beach means ...,1
217,NORESTFORTHEWICKED,Troublemaker's credo?,1
218,STOREWIDECLEARANCE,Week 6,1
219,THERESORTISHISTORY,Comment about a recently razed vacation complex?,1
220,TRACKANDFIELDMOUSE,Tiny decathlon entrant?,1
221,DEADENDBRIDGEAHEAD,Approaching Alaskan landmark,1
222,RESTAREANOSTANDING,Napping mandatory for sleepy drivers,1
223,DESTINYSCHILDSPLAY,Easy jobs that are meant to be?,1
224,DREADSTHEFINEPRINT,Worries about contract details?,1
225,PRINTERSDEVILSFOOD,Rich kind of cake baked by a newspaper employee?,1
226,WHITEWATERDRAFTING,Art class focused on river rapids?,1
227,ALABAMABODYSLAMMER,Crimson Tide wrestler?,1
228,ANYTHINGFORYOUTUBE,Got a film to share??,1
229,BODYDOUBLESTANDARD,Benchmark for a movie daredevil?,1
230,SAINTELMOSFIREWALL,Security for sailors?,1
231,BOREDOFTHECHAIRMAN,Fed up with a corporate VIP?,1
232,EVERYTIMEYOUGOAWAY,*1985 #1 hit for Paul Young,1
233,FOOTBALLHIGHLIGHTS,Hairdo for sportscasters?,1
234,INFLATIONARYSPIKES,Hairdo for economists?,1
235,PERCYBYSSHESHELLEY,"*""Hail to thee, blithe Spirit!"" poet",1
236,TIMEWOUNDSALLHEELS,Proverb about creeps getting their just deserts?,1
237,ALLPURPOSEFLOURISH,General-use gesture?,1
238,PARISHFORTHECOURSE,Golf-loving priest's dream?,1
239,MESSAGINGDONERIGHT,Text book?,1
240,ONLINEDATINGPRIMER,Match book?,1
241,SCHLEMIELSONWHEELS,Incompetent drivers?,1
242,SCHLEPPEDINTHEBUFF,Trudged through a nudist camp?,1
243,CHIPOFFTHEOLDBLOCK,"Dale's brother, away from their home turf?",1
244,FLOWERARRANGEMENTS,Plans made by Bambi's skunk buddy?,1
245,UPBEATABOUTTHEBUSH,Like an enthusiastic shrubbery salesperson?,1
246,UPHOLDINGCOMPANIES,Belt firms?,1
247,ANAFFAIRTOREMEMBER,Cary Grant-Deborah Kerr classic,1
248,FROMHERETOETERNITY,Deborah Kerr-Frank Sinatra classic,1
249,PHYLLISGEORGEBURNS,Former Miss America who married a much older man?,1
250,SUSANBANTHONYQUINN,Feminist who ended up with a macho actor?,1
251,RESIDEUNDERTHEELMS,Dull version of an O'Neill play?,1
252,THECANTERBURYSTEAL,Old poem about a bargain at a church sale?,1
253,COALMINERSLAUGHTER,Underground comedy?,1
254,DAYSOFWINEANDNOSES,Movie about a Bordeaux tasters' convention?,1
255,HEAVEASIGHOFRELIEF,Breathe easy,1
256,SPEAKPIGEONENGLISH,Use a lingua franca?,1
257,THROWINWITHTHIEVES,Become dishonest,1
258,TOUCANPLAYTHATGAME,Revenge taker's warning?,1
259,PEOPLETHEYDONTLIKE,End of quote,1
260,TOOMANYPEOPLESPEND,Start of a Will Rogers quote,1
261,ANTIINFLAMMATORIES,Aspirin and ibuprofen,1
262,ANYMOREBRIGHTIDEAS,Pass on that!,1
263,LETSNOTANDSAYWEDID,Pass on that!,1
264,MIAMIINTERNATIONAL,Where a snowbird may land,1
265,ASEASIDECOTTAGEFOR,Part 4 of quip,1
266,CRANKYORGANGRINDER,Irritable hurdy-gurdy man?,1
267,FAULTYSEISMOLOGIST,Ineffective earth scientist?,1
268,GIVETHEDEVILHISDUE,Concede a rival's feat,1
269,THANKYOUFORNOTHING,Don't do me any favors!,1
270,WANTTOFINDLONGLOST,Part 2 of quip,1
271,CLOSEACQUAINTANCES,Circle of friends,1
272,LIGHTSCAMERAACTION,Director's trio,1
273,MUSICALINSTRUMENTS,Tennessee quarter back,1
274,ONEROOMSCHOOLHOUSE,Iowa quarter back,1
275,ONYOURMARKGETSETGO,Starter's trio,1
276,THEDAWNSEARLYLIGHT,Anthem illumination,1
277,BICYCLEBUILTFORTWO,Barbershop quartet standard,1
278,CIRCULATIONOFBLOOD,Harvey discovery,1
279,HAVINGANOTHERPREGO,Trying new pasta sauce?,1
280,MARIANTHELIBRARIAN,The Music Man tune,1
281,MASTEROFPRESCIENCE,Excellent forecaster?,1
282,SHAKERATTLEANDROLL,Bill Haley/Comets tune of '54,1
283,BLUEMOONOFKENTUCKY,Patsy Cline tune of '63,1
284,CUTINTOSMALLPIECES,Mince or dice,1
285,MOONLIGHTINVERMONT,Margaret Whiting tune of '44,1
286,NEWYORKSTATESENATE,Where FDR once served,1
287,DARKGLASSESTOAVOID,Part 6 of quote,1
288,PROPOSEFORAPICTURE,Pop the question on camera?,1
289,THISISONLYAPROTEST,Dissent belittlement?,1
290,WHOWORKSHARDALLHIS,Part 2 of quote,1
291,BEHINDTHEFECURTAIN,IN THE USSR,2
292,BERATEINONESBONNET,Scold during the Easter Parade?,2
293,BIGTENORCONFERENCE,Caruso Society seminar?,2
294,BLASTFROMTHEPASTOR,Fiery sermon?,2
295,COMICSRECOLLECTION,"Fond memory of ""Peanuts""?",2
296,HEDGEREFUNDMANAGER,Garden store customer-service worker?,2
297,LEADEROFTHERATPACK,Frank Sinatra?,2
298,LOOKFORTHEAGLINING,TAKE AN OPTIMISTIC VIEW,2
299,SPACEODYSSEYSERIES,Group of Arthur C. Clarke books,2
300,SUBARUOUTBACKSPORT,Five-door wagon introduced in '95,2
301,ALEXANDRIAVIRGINIA,EGYPT,2
302,IMITATIONBACONBITS,56 Across add-on,1
303,NEWPORTRHODEISLAND,WALES,2
304,SIMULATEDWOODGRAIN,Feature of some paneling,1
305,ALLYOUCANEATBUFFET,Bountiful meal,2
306,FIFTYFIFTYCHANCEOF,Part 2 of quote,1
307,JERRYLEWISTELETHON,Labor Day staple of yore,2
308,PENNANDTELLERMAGIC,Popular show offering,2
309,PERCENTPROBABILITY,Part 6 of quote,1
310,SLOTMACHINEJACKPOT,Casino bounty,2
311,CONFINEFORSPEEDING,Overly punish a leadfoot?,1
312,CONFOUNDINGFATHERS,What brats are often doing?,1
313,GOODIGETILLNEVERBE,Part 4 of quip,1
314,GRASSROOTSMOVEMENT,Community cause,1
315,JOELCHANDLERHARRIS,Uncle Remus creator,1
316,NATHANIELHAWTHORNE,. . . Seven Gables author,1
317,SWINGSFORTHEFENCES,Tries to hit a homer,1
318,THINGABOUTTENNISIS,Part 2 of quip,1
319,LASTNONITALIANPOPE,Adrian VI (1964)/Francis (today),1
320,MOSTVISITEDCOUNTRY,Canada (1964)/France (today),1
321,ONESUBWAYORANOTHER,Motto of a determined commuter?,1
322,SOURDOUGHMOUNTAINS,Range on Mount Rainier,1
323,SUBDIVISIONOFLABOR,Assembly-line job?,1
324,YOUTHINKYOURETOUGH,Challenge to a bully,1
325,DALLASARTSDISTRICT,Culture center supported by Texas Instruments,1
326,DUNGEONSANDDRAGONS,Venerable role-playing game,1
327,THINKOUTSIDETHEBOX,Be creative,1
328,IFIRECALLCORRECTLY,Start of a hazy reminiscence,1
329,PRESIDENTOFIRELAND,Title for Mary McAleese,1
330,YESTERDAYAFTERNOON,Shortly before last evening,1
331,SUPERSTARCHALLENGE,Annual WWE video game competition,1
332,RAYBOOMBOOMMANCINI,"He lost a 1989 fight to Hector ""Macho"" Camacho",1
333,REDLIGHTGREENLIGHT,Playground game,2
334,KIRKCUDBRIGHTSHIRE,Southern Scottish County.,2
335,NEWCASTLEUNDERLYME,English pottery city.,2
336,DELATTREDETASSIGNY,Commanding General in French Indo-China.,2
337,FROMHERETOETERNITY,"Novel title from the ""Whiffenpoof's Song.""",2
338,PRICESTABILIZATION,Mike DiSalle's task.,2
339,UNIONOFSOUTHAFRICA,The other U.S.A.,2
340,GOVERNOREARLWARREN,Western aspirant.,2
341,ROBERTALPHONSOTAFT,Former occupant of the White House.,2
342,EISENHOWERANDNIXON,Principals in a 1953 event.,2
343,GILBERTANDSULLIVAN,"Famous partners once split by ""carpet"" quarrel.",2
344,GEORGEMICHAELCOHAN,"Yankee Doodle, personified.",2
345,MONITORANDMERRIMAC,Two gallant battlers.,2
346,THECATANDTHECANARY,Hit mystery play of 1922.,2
347,THELIONANDTHEMOUSE,Long-run hit by Charles Klein.,2
348,AMERICANREVOLUTION,Historic milestone.,2
349,BLOODSWEATANDTEARS,Historic trio of W. W. II.,2
350,CAESARANDCLEOPATRA,Play by G. B. S.,2
351,THETALESOFHOFFMANN,Popular light opera.,2
352,FIVEFINGEREXERCISE,Piano practice.,2
353,THETHREEPENNYOPERA,Inexpensive entertainment.,2
354,BARKUPTHEWRONGTREE,Misdirect one's energies.,2
355,BRANCHOFTHESERVICE,U. S. A. or U. S. N.,2
356,CHAIRMANOFTHEBORED,Punny novel title.,2
357,DESIREUNDERTHEELMS,1924 drama.,2
358,PHILADELPHIALAWYER,Shrewd one in court.,2
359,SATURNOVERTHEWATER,Priestley book.,2
360,STARSPANGLEDBANNER,Key opus.,2
361,UNDERTHEYUMYUMTREE,Recent B'way comedy.,2
362,CHAIRMANOFTHEBOARD,Magnate.,2
363,COLLEGEOFCARDINALS,Vatican group.,2
364,CONNECTICUTYANKEES,Rudy Vallee's old band.,2
365,MEMBEROFTHECABINET,Secretary.,2
366,APOLLOSPACEPROGRAM,Man-on-the-moon outfit.,2
367,BEVERLYHILLBILLIES,The fabulous Clampetts.,2
368,BRIDALVEILFALLSCAL,Site of a sight in the Far West.,2
369,COCKANDBULLSTORIES,Absurdities.,2
370,FLUSHINGMEADOWPARK,World's Fair site.,2
371,MEMBEROFTHEWEDDING,Novel of 1946.,2
372,RINGLINGBROSCIRCUS,"Sign on the billboards, circa 1900.",2
373,SCYLLAANDCHARYBDIS,Between ___.,4
374,SECONDCLASSPASSAGE,Tourists' concern.,2
375,SWALLOWTAILEDCOATS,Wearables.,2
376,THESTATEOFTHEUNION,Subject of annual speech.,2
377,HIGHASTHEMOUNTAINS,Way up there.,2
378,POORASACHURCHMOUSE,Quite indigent.,2
379,HADONESUPSANDDOWNS,Old joke about elevator operator.,1
380,STLOUISANDGREETING,Cards.,1
381,SUBORDINATECLAUSES,"Santa's helpers, in grammar joke.",1
382,UPTHEDOWNSTAIRCASE,Current best seller.,1
383,WESHALLBEHISPEOPLE,"End of ""Ring Out, Ye Wild and Merry Bells.""",1
384,WHATCHILDISTHISWHO,Start of an old English carol.,1
385,BYTHEPALEMOONLIGHT,"When to view ""fair Melrose aright.""",1
386,GOODNIGHTGOODNIGHT,Parting words.,1
387,OSLEEPOGENTLESLEEP,Complaint of an insomniac king.,1
388,THEDAWNISMYBROTHER,"Belloc's ""Early Morning"" figure of speech.",1
389,ATBETTERBOOKSTORES,Available by mail or ___.,1
390,GODBLESSUSEVERYONE,Famous Christmas words,1
391,HOMEFORTHEHOLIDAYS,Music by Robert Allen,1
392,SUITABLEFORFRAMING,What loose art prints are.,1
393,ACOBBLEJOBLLWOBBLE,Forecast for a poor shoe repair,1
394,ANDDARKBLUEISHEREE,"Part of ""Annie Laurie""",1
395,LITTLEMISSBLUEBIRD,Music by Gershwin,1
396,PAYDAYWAYLAYNAYSAY,Refusal to a Friday holdup man,1
397,THEYALEBULLDOGSONG,Music by Cole Porter,1
398,WHOBLEWOUTTHEFLAME,Lyrics by Mitchell Parish,1
399,PACKUPYOURTROUBLES,Kit-bag advice,1
400,PURPLEANDFINELINEN,Lap of luxury,1
401,SEENONESEENTHEMALL,Blase remark of tourists,1
402,SHAKERATTLEANDROLL,Dice throw,1
403,SHOULDOFSTOODINBED,"Joe Jacobs' remark (with ""I"")",1
404,WHITEELEPHANTSALES,Sources of junk,1
405,AFTERDINNERSPEAKER,Chaser of a sort,1
406,INDIANAPOLISFIVEOO,Racing classic,1
407,ISLANDSINTHESTREAM,Hemingway novel,1
408,MANSHOTFROMACANNON,His living depends on net income,1
409,PHILADELPHIALAWYER,Legal eagle,1
410,RHETTBUTLERSPANTRY,Fictional hero's larder,1
411,SHELLEYWINTERSBARK,Certain actress's tonic,1
412,THETHREEMUSKETEERS,Fictional gunmen,1
413,TOASTMASTERGENERAL,Jessel sobriquet,1
414,URISREICHANDFRASER,"Writers Leon, Charles and Antonia",1
415,WEBOMBEDINNEWHAVEN,Theatrical lament,1
416,ARMYANDNAVYFOREVER,Words by David T. Shaw,1
417,AWOMANISONLYAWOMAN,Kipling observation,1
418,FEBRUARYTWENTYNINE,Overtime for 1972,1
419,FORTHEWOMANHELOVED,Why,1
420,JAMESFARLEYGRANGER,Politician and actor,1
421,LUNISOLARCALENDARS,Ecclesiastical time reckoners,1
422,PULLOUTALLTHESTOPS,Go whole hog,1
423,RENOUNCEDTHETHRONE,What,1
424,THELASTPICTURESHOW,Film about a Texas town,1
425,THEROCKETSREDGLARE,Key words,1
426,UPTONSINCLAIRLEWIS,Writer and novelist,1
427,WHATDOESAWOMANWANT,Question that Freud couldn't answer,1
428,AMMANFORALLSEASONS,"Sir Thomas More, in Jordan",1
429,CENTEROFATTRACTION,AC,1
430,CURSINGATAFLATTIRE,What avails a motorist naught,1
431,FALLFLATONONESFACE,Take a spill,1
432,FIFTEENEIGHTYSEVEN,When,1
433,FOTHERINGHAYCASTLE,Where,1
434,GOFROMRAGSTORICHES,Make it the hard way,1
435,PEOPLEEATERORHEART,Purple,1
436,ROSEOFTEXASORPAGES,Yellow,1
437,THEAFFLUENTSOCIETY,Galbraith book,1
438,THEMIDDLEOFNOWHERE,WHE,1
439,YANGTZEDOODLEDANDY,"George Cohan, Chinese style",1
440,ALTERNATINGCURRENT,Octavio Paz book,1
441,EYEWITNESSACCOUNTS,"Bills perused by shoppers, perhaps",1
442,GETSWHATWHENANDWHY,See 23 Across,1
443,GILBERTANDSULLIVAN,Operetta team,1
444,SCYLLAANDCHARYBDIS,Rock-and-roll team,1
445,STAIRWAYTOTHESTARS,Musical space program,1
446,THEELECTRICCOMPANY,TV's kiddy shocker,1
447,THEMARTOFTHEHATTER,Fedora emporium,1
448,THESCIENCEOFHOWWHO,See 23 Across,1
449,THETHIRTYNINESTEPS,Hitchcock opus,1
450,WHENITPAINSITROARS,Words about a lion with a toothache,1
451,WHITEELEPHANTSALES,"Barnum offerings, perhaps",1
452,AMASKEDLUCILLEBALL,Hollywood star in a Verdi opera,1
453,COMMONDENOMINATORS,Mutual ties,1
454,CORPORALPUNISHMENT,"Spanking, e.g.",1
455,GWENVERDONPASQUALE,Donizetti opera introduced by stage star,1
456,LORDALEXANDERSREEL,Scottish dance tune,1
457,MAMMYGINNYSJUBILEE,Music by Lewis F. Muir,1
458,NOTIMEFORSERGEANTS,Hit show of 1955,1
459,OWEDTOANIGHTINGALE,"11 A.M.: ""Debt to Winged Life""",1
460,THECATANDTHECANARY,"3 P.M.: ""Age-old Problem""",1
461,THOUSANDPERCENTFOR,"Supporting, a la McGovern",1
462,TOKILLAMOCKINGBIRD,"2 P.M.: ""Heinous Crime""",1
463,WHOKILLEDCOCKROBIN,"10 A.M.: ""Was it DDT?""",1
464,ATLANTICBYCOLUMBUS,Admiral's crossing,1
465,AWALKONTHEWILDSIDE,1:15 P.M.: Taking cover,1
466,BUFFALOBILLRUSSELL,Fake out an old Celtic star,1
467,EGGSBENEDICTARNOLD,Incites a general,1
468,HERMAJESTYSSERVICE,What is Elizabeth's tennis forte?,1
469,MARYHADALITTLELAMB,What did Hartman snack on?,1
470,REDSEABYISRAELITES,Biblical crossing,1
471,SPLENDORINTHEGRASS,12:30 P.M.: Gourmet lunch,1
472,STRIKEITRICHLITTLE,"Get lucky, Mr. Mimic",1
473,THESOUNDANDTHEFURY,1 P.M.: Lightning,1
474,UNDERSTANDPATBROWN,Dig ex-Governor's no-change stance,1
475,UNDERTHEYUMYUMTREE,12:15 P.M.: Spot picked out,1
476,AHARDPEANUTTOCRACK,Tough problem,1
477,MOTHERGIVEMETHESUN,"Request in Ibsen's ""Ghosts""",1
478,MOTHERINLAWSTONGUE,House plant with yellow-striped leaves,1
479,PEANUTCRACKERSUITE,Christmas favorite,1
480,PUTTHECARINREVERSE,RAC EHT TUP,1
481,RESTSBETWEENHALVES,See image,1
482,THEBARBEROFSEVILLE,Figaro,1
483,THEBELLMANOFLONDON,Rogue work by Thomas Dekker,1
484,BOOBYMOUSEANDSPEED,Traps,1
485,CUFFMISSINGANDWEAK,Links,1
486,DANGLINGPARTICIPLE,I found my keys walking up the path,1
487,INCOMPLETESENTENCE,If winter comes,1
488,KISSTHEBOYSGOODBYE,A Farewell to Arms,1
489,MISPLACEDMODIFIERS,"I only have two hands!, etc.",1
490,MISUSEOFAPOSTROPHE,Every dog has it's day,1
491,PRESERVEDUSANATION,Key words,1
492,SHEDHISGRACEONTHEE,God ___ (words by Bates),1
493,THEPETRIFIEDFOREST,"Ah, Wilderness!",1
494,TIMESWITHOUTNUMBER,x,1
495,TWOCANCELLEDCHECKS,vv,1
496,BACHTOBACHHOMERUNS,Successive scores for two Johanns,1
497,BALLADOFBUNKERHILL,"Poem for June 17, 1775",1
498,DEFENSEOFSECRETARY,Her typewriter was broken!,1
499,HANDELBARMUSTACHES,Composer's adornments,1
500,ISTHEREASANTACLAUS,Title of an editorial by Francis Church: 1897,1
501,JOENAMATHEMATICIAN,Ex-quarterback turns numbers man,1
502,LOTHEPRINCEOFPEACE,Words by John Bowring,1
503,RICHARDBASEHARTIST,Actor plays Gauguin,1
504,THEVOWOFWASHINGTON,"Poem for April 30, 1789",1
505,TIMEWOUNDSALLHEELS,Cobbler's motto?,1
506,BATTLEOFBUNKERHILL,"Event on June 17, 1775",1
507,DONTRAINONMYPARADE,January 1 beauty queen's plea,1
508,HOMEFORTHEHOLIDAYS,December dorm notice,1
509,LAVATORYTECHNICIAN,Plumber,1
510,MERCHANTSOFVENISON,Butchers,1
511,OCCUPATIONALHAZARD,"The bends, to caisson workers",1
512,SATURDAYNIGHTFEVER,Travolta hit,1
513,TAKETHEMONEYANDRUN,5 P.M.,1
514,THATWASTHEWEEKTHAT,"With 18 Down, erstwhile TV show",1
515,THETOWERINGINFERNO,9 A.M.,1
516,ANDTHISISMYBELOVED,Borrowing from a Borodin nocturne,1
517,BABYITSCOLDOUTSIDE,Forecast: –20° Celsius,1
518,CAPTAINSCOURAGEOUS,Kipling classic,1
519,CHAIRMANOFTHEBORED,Lethargic leader?,1
520,CORPORALPUNISHMENT,Application of the hickory stick,1
521,DAZEOFWINEANDROSES,Hangover?,1
522,DELILAHSBARBERSHOP,Biblical clip joint?,1
523,ELIWHITNEYSGINMILL,Cotton Belt saloon?,1
524,ITSALOVELYDAYTODAY,Forecast: 20° Celsius,1
525,LIEUTENANTGOVERNOR,State official,1
526,MAKEMINEASHORTBIER,Napoleon's last words?,1
527,POSTMASTERSGENERAL,Federal officials,1
528,SHESOUTOFTHISWHIRL,Final tribute to Pavlova?,1
529,SHINEONHARVESTMOON,Plea on the way home,1
530,STRANGERINPARADISE,"Air from Borodin's ""Polovtsian Dance No. 2""",1
531,THEBELLSARERINGING,Arrival,1
532,ABILLOFDIVORCEMENT,The high cost of leaving,1
533,KEEPTHEBALLROLLING,Maintain action,1
534,LETTHETENTBESTRUCK,Last words of Robert E. Lee,1
535,SHESATRESTANDSOAMI,End of Dryden's epitaph for his wife,1
536,SUDDENLYLASTSUMMER,July elopement,1
537,THECATCHERINTHERYE,Novel of 1951,1
538,DOWNBYTHERIVERSIDE,RIGOLETTO,1
539,OHYOUBEAUTIFULDOLL,THE TALES OF HOFFMANN,1
540,ANNANNOUNCESOUNCES,Landers reveals her weight to the nth degree,1
541,GENEGENERATESRATES,Hackman causes fixed fees,1
542,BLOODSWEATANDTEARS,"Exertion's exaction, dramatically",1
543,DUCKBILLEDPLATYPUS,Donald dunned monotreme,1
544,FOURHANDEDCARDGAME,Quartet gave wit some fun,1
545,ILLDOUBLEYOURFOLLY,East: challenges North's bid,1
546,ISHOULDNOTBIDAGAIN,East: passes,1
547,NOTHINGTODOBUTWORK,B. F. King Jr.'s gloomy comment,1
548,REDWINGEDBLACKBIRD,Mao wounded raven,1
549,ROSECOLOREDGLASSES,Mrs. Kennedy painted tumblers,1
550,ALLROADSLEADTOROME,Travel advice in Italy,1
551,COUNTRYOFHISFATHER,"The Colonies, to G. Washington?",1
552,HIPPOPOTAMUSKETEER,Armed river horse,1
553,RECOMPENSEREHCTEKS,REWARD,1
554,RHINOCEROSEFANCIER,Horticultural pachyderm,1
555,THEGIBRALTAROFROCK,The last Beatle fan on earth?,1
556,THERYEINTHECATCHER,Bio of the team lush?,1
557,VITUPERATEDEERFTES,REVILED,1
558,WEDDINGOFTHEMEMBER,Event at McCullers's club?,1
559,YOUCANTGOHOMEAGAIN,Thomas Wolfe's warning,1
560,ANDTOALLAGOODNIGHT,Famous last words,1
561,BULLMOOSEROOSEVELT,Theodore,1
562,FALALALALALALALALA,Famous last words,1
563,JAMESWITHCOMBRILEY,"Poet who wrote ""Hair""?",1
564,LONEEAGLELINDBERGH,Charles,1
565,MYKINGDOMFORAHORSE,Famous last words,1
566,THOMASHALVAHEDISON,Inventor of a Turkish confection?,1
567,YOUMAYKISSTHEBRIDE,Famous last words,1
568,EARTHAFIRSTAIDKITT,Singer with medical training?,1
569,FRANKIEMEMORYLAINE,Nostalgic singer?,1
570,FREDWASHERANDDRYER,TV star who cleaned up his act?,1
571,HOWARDONANEVENKEEL,Balanced actor?,1
572,KEVINCANADIANBACON,Actor who comes for breakfast?,1
573,MOUNTAINSOFTHEMOON,"African heights, mentioned by Ptolemy",1
574,ROSEMARYAIDEDECAMP,Actress-turned-adjutant?,1
575,SHINEONHARVESTMOON,Popular song since 1908,1
576,THEMOONANDSIXPENCE,Maugham opus: 1919,1
577,STARSFELLONALABAMA,Parish-Perkins tune: 1934,1
578,THEEGGANDICLAUDIUS,MacDonald-Graves collaboration?,1
579,WINDSOFWARANDPEACE,"Wouk-Tolstoy collaboration? (with ""The"")",1
580,YOUCANKEEPYOURHEAD,"YOU'LL BE A MAN, MY SON",1
581,YOUHAVENTGOTAPENNY,A HA'PENNY WILL DO,1
582,ACATMAYLOOKATAKING,Statement made by Alice,1
583,ACHICKENINEVERYTOT,Herb's promise for kids?,1
584,ANDIWANTITRIGHTNOW,Rest of 24 Across,1
585,ISLINKTHEREFOREIAM,Rene's words for a lurker?,1
586,LORDGIVEMEPATIENCE,"Start of an impetuous person's prayer, with 101 Across",1
587,THELAWISAASSAIDIOT,"Mr. Bumble's declaration in ""Oliver Twist!""",1
588,CLIENTELEVENERATES,{/Customer group reveres/},1
589,ISFORTHEMANYTHINGS,M ___ . . .,1
590,THANKSFORTHEMEMORY,Hope sign-off,1
591,WANTSAGETINNADEACT,Evvvre-body ___: Durante,1
592,DAUGHTEROFTHEREGIT,"DONIZETTI WORK, WITH ""THE""",1
593,IVEGOTASECRETAGENT,TV tabloid expose headline?,1
594,NAKEDCITYDETECTIVE,TV sleuth who blew his cover?,1
595,SSANAINCORPORESANO,PHYSICAL-EDUCATION MOTTO,1
596,CENTERSOFATTENTION,What egotists want to be,1
597,ELECTRICALENGINEER,cummings's initial occupation?,2
598,FIELDMARSHALSTRIKE,Union action?,3
599,INDEMNITYINDEMNITY,See notepad,2
600,MASTEROFCEREMONIES,Escher's initial occupation?,2
601,OCCUPANCYOCCUPANCY,See notepad,2
602,SERGEANTPUNISHMENT,"Flogging, e.g.?",3
603,CIGARETTESONAMATCH,Bad luck threesome,1
604,CLUBSANDWICHSLICES,Deli threesome,1
605,COMEINOUTOFTHERAIN,Sensible people do it,2
606,EDWARDTHECONFESSOR,First king buried in Westminster Abbey,2
607,ETHELREDTHEUNREADY,Weak English king,2
608,FREUDGREENTOMATOES,Scientist featured in a Southern novel?,2
609,JOINEDTHEHUMANRACE,Signed up for the marathon,1
610,LITTLEGRAINSOFSAND,"Land's components, in a children's verse",2
611,PERSONALTIMECENTER,Wristwatch,2
612,POUNDEDTHEPAVEMENT,Ran hard in the marathon,1
613,RAININGCATSANDDOGS,Pouring,2
614,SEVENAGAINSTTHEBES,Aeschylus tragedy,2
615,SLAUGHTERHOUSEFIVE,Kurt Vonnegut novel,2
616,THEPERILSOFPAULING,Scientist featured in a cliff-hanger series?,2
617,VERTICALINSERTIONS,Parachute attacks,2
618,GREATMOUNTAINPLACE,MASSACHUSETTS,2
619,LOVELYRITAHAYWORTH,ENCHANTING,1
620,OMISSIONIMPOSSIBLE,1996 thriller that's a must?,2
621,SAINTVERONICAHAMEL,VENERABLE,1
622,SATURDAYNIGHTOLIVE,"Long-running ""Popeye"" spinoff?",2
623,TRIBEOFSUPERIORMEN,ILLINOIS,2
624,CHIPOFFTHEOLDBLOCK,Sculptor's job?,2
625,ITSSONNETSLASTLEGS,Shakespearean couplet description?,2
626,ITSTHESAMEODESTORY,Opinion of Keats poetry?,2
627,MAKEAGRANDENTRANCE,Architect's job?,2
628,RINGBELLFORSERVICE,Steeple musician's job?,2
629,TAKETHEMONEYANDRUN,Politician's job?,2
630,ADMITTINGPHYSICIAN,"Okay, I pulled the plug. So sue me.",1
631,BEARARESEMBLANCETO,Look like,2
632,CONTROLLINGPARTNER,"Honey, you're wearing THAT?",1
633,ELILILLYANDCOMPANY,Pharmaceutical giant,2
634,MOTHERMOOSESTORIES,Bedtime reading in the forest?,2
635,NICEGUYSFINISHLAST,"Do unto others as you would have others do unto you, but also...",2
636,THEBIGGERTHEBETTER,"Good things come in small packages, but also...",2
637,THELOUSETHATROARED,Tale of a tiny bellower?,2
638,UPSTAIRSDOWNSTAIRS,Classic BBC show,1
639,AITCHEMESSPINAFORE,Theater hit of 1878,2
640,BATTERFRIEDCHICKEN,...food?,3
641,CRIMEANDPUNISHMENT,Law book (1866),2
642,DIAMONDSAREFOREVER,...James Bond movie?,3
643,EFFECTAFTERSHAPEUP,TAKE 4,2
644,MILLERGENUINEDRAFT,"Authenticated ""Death of a Salesman"" manuscript?",2
645,NINETEENEIGHTYFOUR,Yearbook (1949),2
646,PEEAITCHDEESTUDENT,Many a college teaching assistant,2
647,SHOTOFCANADIANCLUB,Maple Leafs team photo?,2
648,THEMONEYANDRUNAWAY,TAKE 2,2
649,ANAFFAIRTOREMEMBER,1957 film featuring the subject of this puzzle,2
650,BRAKINGANDENTERING,"Motorist pulls into parking lot, gets charged with ...",2
651,BUCKSFORAPROMOTION,Corporate bribe?,2
652,BUILDINGPROTRACTOR,Math tool at a construction site?,2
653,CHANGEFORTHEBETTER,Poker chips?,2
654,CHUTZPAHONTHEBEACH,Dershowitz/Shute book about badly fitting bikinis?,1
655,DISTURBINGTHEPIECE,"Chess player accidentally pushes pawn, gets charged with ...",2
656,HATEYOUAWAYFROMTHE,"Quip, part 3",2
657,HEARTBURNONTHEROAD,Ephron/Kerouac book about rest stop fast food?,1
658,ISTOKEEPTHEGUYSWHO,"Quip, part 2",2
659,MISSAMERICAPROTEST,March in Atlantic City?,2
660,POLYUNSATURATEDFAT,It can be found in oil,2
661,SLEEPLESSINSEATTLE,1993 film featuring the subject of this puzzle,2
662,APOLLOSPACEPROGRAM,Men went to the moon in it,2
663,BIGBOYSDONTCRYWOLF,"Advice to a budding alarmist? [1988, 1999, 1994]",3
664,BLUECZECHBLEWCHECK,Depressed Dvorak was spendthrift,2
665,DENSEDEARDENTSDEER,Blockheaded lover has an accident on a rural road,2
666,DUSKBILLEDPLATYPUS,Dark-nosed Tasmanian?,2
667,HANNAHORHERSISTERS,Alternative comedy?,2
668,JULIARANOUTOFSIGHT,"Why the paparazzi couldn't photograph actress Roberts? [1977, 1985, 1998]",3
669,MAKEUPEXAMINATIONS,Product of a Lancome/E.T.S. merger?,3
670,PASSFORSOMEONEELSE,Not your ball?,2
671,REPRODUCTIVEORGANS,Product of a Canon/Wurlitzer merger?,3
672,ROOTFORTHEUNDERDOG,What a probable loser digs up?,2
673,SPACETIMECONTINUUM,It began with the Big Bang,2
674,THEBOTTOMOFTHEDESK,Where wads of gum may be found?,2
675,TORONTOGLOBEORMAIL,Alternative newspaper?,2
676,DONTSTAYOUTTOOLATE,... to the sun,3
677,FRENCHFRIESTOABRIT,CHIPS,2
678,FROZENRADIODINNERS,"Before TV, were there ...?",3
679,GIVETHEDEVILHISDUE,Be fair to a fault,2
680,JUSTLOOKATYOURFACE,... to the mountains,3
681,LSHAPEDLIVINGROOMS,Features of some apartments,1
682,MEANJOEGREENEHOUSE,Plant nursery started by a football Hall-of-Famer?,2
683,NIGHTSINWHITESATIN,1972 rock hit recorded with the London Festival Orchestra,2
684,NINETYDEGREEANGLES,Square parts,1
685,PEPSQUADREPERTOIRE,CHEERS,2
686,REDWINGEDBLACKBIRD,Colorful North American songster,2
687,STEAMLOCOMOTIVELAG,"Before jets, was there ...?",3
688,TEDDANSONSTRUCTION,Studio started by a TV actor?,2
689,THANKYOUFORNOTHING,Don't do me any favors,1
690,THETHINBLUELINEMAN,"Skinny, dejected football player?",2
691,TWOWOMENFORTHEROAD,Filmdom's Thelma and Louise?,2
692,WHATANHOPPERTUNITY,This could lead to something big!,2
693,WYETHTHEREAPROBLEM,"You're not O.K. with that, bub?",2
694,ATTACKEDBYTHEPRESS,The candidate tried to cover it up and was ___,3
695,BATTLEGROUNDSTATES,... and later lost the election in key ___,3
696,BRAVESFORSTOOOTHAT,"Quip, part 2",1
697,CONFLICTOFINTEREST,The candidate was accused of having a ___,3
698,DENTISTRYPROFESSOR,Drill instructor's other job?,2
699,GETONESDUCKSINAROW,Do some planning before taking action,2
700,HELENABONHAMCARTER,Actress whose great-grandfather was a British P.M.,2
701,JACKIEJOYNERKERSEE,1988 and 1992 Olympic track gold medalist),2
702,LONGDISTANCERUNNER,Telecom executive's other job?,2
703,RAZORSOFTHELOSTARK,1981 thriller about bygone blade holders?,3
704,SHAVINGPRIVATERYAN,1998 war film about a beard?,3
705,SHOTHISBIGMOUTHOFF,... and ___ ...,3
706,SQUARESQUARESQUARE,"Nutritious breakfast, lunch and dinner, informally",2
707,THATKINDOFDOUGHBUT,"Quip, part 7",3
708,BRIDGETJONESSDIARY,1996 Helen Fielding book made into a film starring Renee Zellweger,1
709,CIVICACCORDINSIGHT,Understanding of how to keep peace in the community? [Honda],2
710,DOESNTHAPPENATONCE,End of the observation,2
711,DONTHAVEACALLOWMAN,Advice to a husband seeker?,2
712,HOMESINONMOONSHINE,Gets closer to a batch of hooch?,2
713,IMDALLYINGTOSEEYOU,Procrastinator's pick-up line?,2
714,INTREPIDRAMCARAVAN,Fearless group of traveling sheep? [Dodge],2
715,MEATHEADSMADEHASTE,Dunces hurried up?,2
716,METALKPRETTYONEDAY,2000 essay collection by David Sedaris,1
717,NOTREDAMEHUNCHBACK,Mascot #5,3
718,SKIDMOREBANANAPEEL,Mascot #1,3
719,THEORYOFRELATIVITY,Proposal by 67-Down,2
720,ANDMYREVENUESTREAM,"Comment, part 5",3
721,BRITISHWAITINGLINE,Start of quote,2
722,CARESSMANUFACTURER,Unilever?,3
723,CHARLESINDISCHARGE,Where a prince might work at a hospital?,2
724,CONTEMPTOFCOURTNEY,Love hate?,2
725,GREGORIANCHANTEUSE,Cabaret singer in the style of an old pope?,3
726,HUMANITARIANREPAID,Headline about a philanthropist's settled loan?,3
727,ISTOBESELDOMLYUSED,The passive voice ___,2
728,JACKANDTHEBENSTALK,Nicholson negotiating with Stiller and Affleck?,2
729,JACKSONINTHEPULPIT,Rev. Jesse on Sundays?,2
730,MYINCOMEISUPITAKEA,"Comment, part 2",3
731,ONCEBITTENTWICESHY,Saw about caution,2
732,PARSONFORTHECOURSE,One needed to bestow a blessing on a golf club?,2
733,QEDHOTCHILIPEPPERS,"Therefore, I have proven the existence of jalapenos!?",2
734,QUILTBYASSOCIATION,Bee product?,3
735,REMEMBERTHEALIMONY,Ex-wife's refrain?,2
736,REPLAYSITONTHELINE,Retrieves a phone message again?,3
737,TABLEOFDISCONTENTS,Place for unhappy diners?,2
738,THETAURUSINTHEHAIR,Stubborn person getting on another's nerves?,2
739,TOENDSENTENCESWITH,Prepositions are not good ___,2
740,WORLDWIDEWEBPREFIX,End of quote,2
741,BLESSINGINDISGUISE,127-Across or 91-Down?,3
742,BOOGIEWOOGIEBUGBOY,Jazz-loving young entomologist?,2
743,BREADANDBUTTERPICK,Basic food choice?,2
744,COMPLIMENTSFORFISH,What a sushi chef loves to hear?,2
745,FREETOBITEYOUANDME,Marlo Thomas storybook for liberated vampires?,2
746,GOLDBERGVARIATIONS,"Popular Bach work for keyboard (1994, 1996, 1999, 2002)",3
747,HOPESPRINGSETERNAL,"Words from Pope's ""An Essay on Man"" (1940, 1942-43, 1960-62, 1965-68, 1978)",3
748,INDIFFERENTSTROKES,Bored kayaker's movements?,3
749,INVOCATIONALSCHOOL,Hogwarts?,3
750,KNOWLEDGEFORTHIRST,What scientists working for Gatorade have?,2
751,MADMAXMANMAYMARMAT,Warning about Mel Gibson on a wrestling surface?,2
752,MARTINPARROTSCOOTS,Actor Steve repeats what geezers say?,2
753,MERLINROOKSBOOBIES,Famed magician cheats chumps?,2
754,SADSAMSAWSALSAYSAX,Why guitar-loving Cooke was blue when his gal named her favorite musical instrument?,2
755,SITINSOFTHEFATHERS,Susan Howatch novel about protesting clergy?,2
756,UNDERCOVERFBIAGENT,23-Across or 19-Down?,3
757,CLASSACTIONLAWSUIT,Court case where Ripken is one of many plaintiffs?,2
758,CORONERONTHEMARKET,Freelance autopsist?,2
759,FIVESTARRESTAURANT,Prime eatery,3
760,HOMERAWAYFROMHOMER,"A Simpson without access to his volume of the ""Odyssey""?",2
761,HUMMABLEBEGINNINGS,"Catchy song parts heard on ""Name That Tune""?",2
762,INDEPENDENTCOUNSEL,Head of a special government inquiry,3
763,PRETTYCRASHACCOUNT,Beautifully illustrated report of a computer failure?,2
764,ROLLINGINTHEAISLES,Like Rudner's audiences after a good joke?,2
765,THEAMERICANCENTURY,1941 Henry Luce article that coined a name for an era,3
766,THECATCHERINTHERYE,"Novel that ends ""Don't ever tell anybody anything. If you do, you start missing everybody""",3
767,UPSTAIRSDOWNSTAIRS,Popular 1970s British TV series,2
768,ACONNECTICUTYANKEE,"With 12-Down, 1889 Twain novel",2
769,CHAIRMANOFTHEBOARD,Person making firm decisions,2
770,DEVELOPBESTENTRIES,Step 2,3
771,DIAMONDSAREFOREVER,*Bond film that's a real gem?,2
772,HOPESPRINGSETERNAL,*Alexander Pope phrase appropriate to the start of a sports season,2
773,INKINGARTHURSCOURT,See 4-Down,2
774,SENDPUZZLETOEDITOR,Step 5,3
775,THEPUTTERFLYEFFECT,Tendency to throw one's club after sinking a short stroke?,2
776,WETTEESHOTCONTESTS,Competitions to see who can drive a ball farthest in the rain?,2
777,BATMANSINTHEBELFRY,The Dark Knight rooms with Quasimodo?,2
778,DIAGNOSETHEPROBLEM,Find out what's wrong,1
779,FLYINGOFFTHEHANDEL,"Singing a ""Messiah"" piece too quickly?",2
780,GLASSDESIGNBYIMPEI,[ ] that was the creation of an architect born 4/26/1917,2
781,IMAGEONADOLLARBILL,[ ],2
782,ITMAKESNOSENSETOME,Huh?!,1
783,JACKMANOFALLTRADES,Actor Hugh involved in every swap shop deal?,2
784,JUNKWINSSEEADDHUMS,"Trash / Victories / ""Get it?"" / Do some math / Runs smoothly",2
785,MOTHERSOFINVENTION,Rock group whose name is an appropriate alternative title for this puzzle,2
786,NATIONALLISZTPARTY,Countrywide music celebration in Hungary?,2
787,SHARINGYOURPOPCORN,... according to Charles Schulz,2
788,TAKEASTEEPNOSEDIVE,Plummet ... or what this puzzle's theme answers do?,1
789,THEBEAUTYOFTHESOUL,... according to St. Augustine,2
790,THEMODERNBRASSIERE,Item of apparel created by Mary Phelps Jacob (1891-1970),2
791,YULEHISSSAYASKRENT,Christmas season / Greet a villain / Speak aloud / Query / Monthly payment,2
792,ALIENSPACEBARCRAFT,E.T.'s ability to use the lower part of a keyboard?,2
793,BOTANICALGUARDIANS,Eco-warriors?,2
794,CASHBARFORCLUNKERS,Where dimwitted people pay to drink?,2
795,DONTLEAVEMEHANGING,"I'd be miserable without you, tapestry!",1
796,GOINGTOBEARELATIVE,"Where there's a will, there's ...",1
797,JUSTAVERAGELOOKING,"{/However, this man was balding, gray-haired and .../}",1
798,LITTLEORPHEANANNIE,Sharpshooter Oakley when she was a charming young musician?,2
799,NATURALBORNCITIZEN,Immigrant's opposite,2
800,PLACESTOGOPEOPLETO,Parting words from the busy type,2
801,REDEFINETHEMISSION,If at first you don't succeed ...,1
802,SITDOWNRESTAURANTS,"The chair doesn't recognize you, steakhouse and chophouse!",1
803,SIXDAYSOFTHECONDOR,Chick lit book #4 (1974),2
804,THAMESFIGHTINWORDS,Aggressive posturin' on an English river?,2
805,TOKILLAMOCKINGBIRD,Chick lit book #5 (1960),2
806,WHENDIDYOUGRADUATE,"{/Nevertheless, she asked him if he had attended her high school, and after he said yes, she asked ""...?""/}",1
807,WHERETHEWILDTHINGS,2009 fantasy film based on a best-selling book,2
808,YANGTZEDOODLEDANDY,Fop who makes idle sketches of a Chinese river?,2
809,CLUTCHPERFORMANCES,Late rallies,3
810,ENCOREPRESENTATION,Slide show at a TV station?,3
811,GEORGESTEINBRENNER,Team owner who was 65-Across (1930),3
812,ITSTOLDUSINGAWATCH,"Preventive measure, proverbially",3
813,LIFETIMEMEMBERSHIP,Enrollment at a TV station?,3
814,NATHANIELHAWTHORNE,Novelist who was 65-Across (1804),3
815,THELONELIESTNUMBER,Golf ace,3
816,AREVOLTAGAINSTFATE,"Answer to 67-Across, per Malraux",3
817,ASCYTHEFORSOREEYES,Unpopular ophthalmologist's implement?,3
818,ASQUIRRELHASHALFAS,"Trivia question, part 3",3
819,BOBCATRABBITACCORD,Peace treaty between a predator and its prey?,3
820,CASTSTHEFIRSTSTONE,Initiates a conflict,3
821,CRACKUNDERPRESSURE,"With 22-Across, fail to cope with difficult circumstances",1
822,HUNGRYHUNGRYHIPPOS,Somewhat redundant Milton Bradley game?,4
823,MANAGEEXPECTATIONS,Discuss reasonable outcomes upfront,1
824,MANUALTRANSMISSION,Clutch performer?,1
825,MORETHANAWALRUSAND,"Trivia question, part 2",3
826,OFFOFFBROADWAYSHOW,Somewhat redundant theater production?,4
827,ONCEBITTENTWICESHY,Adage regarding skittishness,2
828,ONCEUPONAHONEYMOON,1942 Cary Grant comedy,3
829,SAYGOODNIGHTGRACIE,George Burns,3
830,SELFISHANDPERVERSE,"Answer to 67-Across, per Beethoven",3
831,SHORTATTENTIONSPAN,What a constant channel-surfer may have,2
832,STORMTROOPERSONATA,"Musical piece for a ""Star Wars"" battle scene?",3
833,THEBALCONYISCLOSED,Roger Ebert,3
834,THELEATHEROFTHELAW,"Gun belts, holsters and nightstick straps?",3
835,ALITTLEGIVEANDTAKE,See instructions,3
836,BRILLIANTDEDUCTION,C.P.A.'s masterstroke?,3
837,GRANITEPOMEGRANATE,Stone fruit?,3
838,HANDGOTOHELLBASKET,Deteriorate rapidly,3
839,LIVINLAVEHICLELOCA,"Are you enjoying your time out on the Nascar circuit? [Ricky Martin, 1999]",2
840,MENTIONSDIMENSIONS,Provides some idea of an object's size?,3
841,PERCYBYSSHESHELLEY,"If Winter comes, can Spring be far behind? poet",1
842,ROUNDSQUAREPEGHOLE,Misfit,3
843,WITHHOLDINGCONSENT,Agreement for an amount to be taken from one's salary?,3
844,WONTGETFUELEDAGAIN,"Hey, what did you think when you missed that last pit stop? [The Who, 1971]",2
845,BEYONDTHETIMELIMIT,1-Across + 122-Across,2
846,BUYONEGETONEFRIZZY,**A deal on Afro wigs?,2
847,GENERALINFORMATION,Army V.I.P. at a military parade?,2
848,GOINGOFFHALFCOCKED,Acting rashly,1
849,MURRAYLOVESCOMPANY,*How actor Bill feels about houseguests?,2
850,PAIDTHROUGHTHENOSE,Was a victim of price gouging,1
851,PRIVATEINVESTMENTS,G.I. dressed like a priest?,2
852,THEBOYWHOCRIEDWOLF,One of Aesop's fables,1
853,UPSTAIRSDOWNSTAIRS,1970s TV series set at 165 Eaton Place,2
854,YEARBOOKPHOTOGRAPH,15-Across + 125-Across,2
855,AMERICANGOTHIDASHC,An airline now serves a Minute Maid beverage?,1
856,BATTERYNOTINCLUDED,Note on a watered-down assault indictment?,2
857,CAMEODISAPPEARANCE,Jewel heist outcome?,2
858,CONTAINSSMALLPARTS,Audition caution for a movie with a cast of thousands?,2
859,FALALALALALALALALA,Christmastime refrain,2
860,FRIEDGREENTOMATOES,"1991 film with the tagline ""The secret of life? The secret's in the sauce""",1
861,TABLEOFDISCONTENTS,Ones giving the waiter a hard time?,2
862,AIDTOLOCATEASTREET,ATLAS,2
863,ARECIPEFORDISASTER,"What 27-, 39-, 56-, 66-, 79- and 96-Across together make up?",2
864,ARGONSATOMICNUMBER,"This clue's 110-Across, in chemistry",2
865,CURBYOURSUNATHEISM,Stop insisting Ra doesn't exist!?,1
866,DIRTYDOUBLECRUISER,"Luxury vessel with a pair of decks, both of which need swabbing?",2
867,MYSIRELOVESCOMPANY,The king really wants to be around people right now?,1
868,ONEPOTATOTWOPOTATO,Start of a counting rhyme,2
869,STIRUPAHORNETSNEST,Step 1: Raise hell,2
870,THREEROLLEDINTOONE,TRIO,2
871,TREATISNOTANOPTION,Re: ___ (stingy date's subject line),2
872,VOTINGAGEINAMERICA,"This clue's 110-Across, as is relevant each November",2
873,WARDFORINFORMATION,Re: ___ (prison librarian's subject line),2
874,WARSHIPSATTHEALTAR,Heavily armored vessels getting married?,2
875,FOURLEAFCLOVEHATER,Symbol of luck,2
876,FROTHINGATTHEMOUTH,Incensed,2
877,PEOPLEMADEMISTAKES,Non-apology associated with several U.S. presidents,2
878,THATDOESNOTAMUSEUS,Remark commonly attributed to Queen Victoria,2
879,THEFOUNTAINOFYOUTH,Goal for Ponce de Leon,2
880,CHRISTOPHERMARLOWE,"Sometime collaborator with William Shakespeare, per the Oxford University Press",2
881,DOCTORSWALLETRANGE,"Selection of billfolds for medical professionals? [2016, 2008]",2
882,ILLEGALSLIDETACKLE,Reason for an ejection in FIFA,2
883,ISAACCOOLLYYEEHAWS,Designer Mizrahi shouts like a cowboy in a nonchalant way?,2
884,QUEENNOORROOMMATES,People who share an apartment with a Jordanian royal?,2
885,THELITTLEMETERMAID,"Who has trouble reaching a windshield to place a ticket? [1989, 1982]",2
886,THETWILLSETYOUFREE,"Seeming opposite of ""Ignorance is bliss""",2
887,BAREBONESRENDITION,... the skeleton gave a ___,2
888,BOOBLURREDBLUEBIRD,Hoot at an out-of-focus nature photograph?,2
889,CARVANSEMITRUCKBUS,"[Ugh, we've been stuck here for an hour ...]",2
890,DUTCHTOWNTOUCHDOWN,Landing in Rotterdam?,2
891,ICEBUCKETCHALLENGE,Social media fad that went viral in 2014,2
892,PUTSLIPSTICKONAPIG,Tries to make the unappealing attractive,2
893,REFLECTEDONHISROLE,... the vampire never ___,2
894,SONERVOUSNOSERVICE,Antsy feeling when one is out of cellphone range?,2
895,STEVEDOREDIVASTORE,Where a demanding dockworker gets supplies?,2
896,BEFOREITFALLSAPART,'MUST SELL!',1
897,CATAMONGTHEPIGEONS,Agatha Christie book,1
898,NEVEREXERCISEAGAIN,I resolve to . . .,1
899,THETHREELITTLEPUGS,Canine fairy tale?,1
900,TOKILLAMOCKINGBIRD,Harper Lee book,1
901,WASSQUASHEDBYASEMI,'NEEDS SOME BODY WORK!',1
902,WATCHMORETALKSHOWS,I resolve to . . .,1
903,WHERETHEBORZOISARE,Canine movie?,1
904,ABOATISHAVINGABOAT,End of remark,1
905,BORROWSOMETOLIVEON,End of remark,1
906,BUFFALOSPRINGFIELD,'For What It's Worth' group,1
907,COLLECTTHEWHOLESET,Save the whales . . .,1
908,HAREOBICEGGSERCISE,Answer to riddle,1
909,HEDHAVEPUTDIAMONDS,Part 3 of remark,1
910,HEHADLOTSONHISMIND,He became a Realtor because . . .,1
911,HEWASSUCHALIVEWIRE,He became an electrician because . . .,1
912,INEVERWORKOUTIFGOD,Start of remark,1
913,IVESAVEDTHEMONEYTO,Start of a remark by Steve Allen,1
914,NOTHINGTOBRAGABOUT,A penny saved is ...,1
915,THENEXTBESTTHINGTO,Start of a remark by Roy W. West,1
916,THEPARTRIDGEFAMILY,'I Think I Love You' group,1
917,WHATKINDOFAWORKOUT,Riddle: Part 1,1
918,CONTINUEDTODECLINE,Escalator stocks ...,1
919,FORFOURUNLESSTHERE,Part 4 of remark,1
920,ITDEPENDSONTHEGIFT,End of remark,1
921,ROSEINHEAVYTRADING,Barbell stocks ...,1
922,THEYSAYITSBETTERTO,Start of a remark by Milton Berle,1
923,TOLDMETOSTOPHAVING,Part 2 of remark,1
924,ABIRDOFPREYABIGCAT,Start of a quip,1
925,WHENTHEGHOSTAGREED,Start of a riddle,1
926,WHYDIDAPOORBUTCHER,Start of a riddle,1
927,WITHOUTCREAMPLEASE,End of request,1
928,WITHOUTMILKINSTEAD,End of response,1
929,WOULDBECOMEKNOWNAS,"Question, part 5",1
930,YOUDLIKEYOURCOFFEE,Part 3 of response,1
931,ANIMPORTANTPASSAGE,"Riddle, part 4",1
932,ATTICAATTICAATTICA,'Dog Day Afternoon' chant,1
933,BERLINNEWHAMPSHIRE,City in the White Mountains,1
934,BRUSHABRUSHABRUSHA,Part of Ipana toothpaste's jingle,1
935,BUTFORGOTTOINCLUDE,"Riddle, part 3",1
936,DRINKINGVESSELMADE,"Riddle, part 3",1
937,ELLENCHEERSFRIENDS,Actress Burstyn perks up her pals?,1
938,FORMERFARMERFIRMER,End of the riddle's answer,1
939,GENERALLEESPEAKING,Riddle's answer,1
940,HYDROELECTRICMADAM,Woman in charge of water power?,1
941,IFABUSINESSMANWERE,Start of a riddle,1
942,IFSOMEONEWHOUSEDTO,Start of a riddle,1
943,ITSSURROUNDINGSARE,"Riddle, part 3",1
944,MALINGERINGEFFECTS,Repercussions of feigning illness?,1
945,MARCIAMARCIAMARCIA,Jan's cry in 'The Brady Bunch movie',1
946,OFSTAFFWASFAMILIAR,"Riddle, part 3",1
947,OUTOFANEWEXTREMELY,"Riddle, part 4",1
948,PLEASEPLEASEPLEASE,1956 James Brown hit,1
949,QUANDOQUANDOQUANDO,Pop song subtitled 'Tell Me When',1
950,ROLLINROLLINROLLIN,Start of the 'Rawhide' theme,1
951,SHAKERATTLEANDROLL,Riddle's answer,1
952,VIENNAWESTVIRGINIA,Town near Ohio Valley College,1
953,WHATSTATEMENTCOULD,"Riddle, part 5",2
954,WHENTHECONFEDERATE,Start of a riddle,1
955,WINGSCHARMEDMARTIN,Bird features captivated actor Sheen?,1
956,ANDATTEMPTEDTOLIFT,"Riddle, part 3",1
957,ASSESSEDASURCHARGE,"Riddle, part 2",1
958,BOTHSIDESOFASEESAW,"Riddle, part 3",1
959,CARRENTALCOMPANIES,Theme of this puzzle,1
960,DEPRESSANTATTITUDE,State of mind that causes dejection?,1
961,ESCAPEFROMALCATRAZ,Clint Eastwood action film,1
962,FEMALESHEEPHAPPENS,"Riddle, part 3",1
963,FIRSTANDACONTENTED,"Riddle, part 2",1
964,ISHEAVIERWHATMIGHT,"Riddle, part 6",1
965,ITWASALWAYSGETTING,Start of the riddle's answer,1
966,MIGHTTHESEBECALLED,"Riddle, part 6",1
967,NATIONALGEOGRAPHIC,Magazine since 1888,1
968,NONETOOINTELLIGENT,FRIEND #5,1
969,PARKSWATERFOUNTAIN,"Riddle part 2,",1
970,PLEASANTATMOSPHERE,Nice restaurant quality?,1
971,SPACETIMECONTINUUM,It has four dimensions,1
972,STOPPEDATAREDLIGHT,"Riddle, part 5",1
973,SUFFERINGWITHACOLD,FRIEND #4,1
974,TOBECLOSETOYOUWHAT,"Riddle, part 4",1
975,UNORESTFORTHEWEARY,Tired folks' relaxing period of card-playing?,1
976,UPRAISEDTOTHESKIES,Lifted extremely high?,1
977,WORDSMIGHTYOUSHOUT,End of the riddle,1
978,ASSISTSAILINGAUDIS,AAA,1
979,BEGGINGTHEQUESTION,Ignoring an issue by assuming it to be settled,1
980,ENCLOSEDPASSAGEWAY,End of the riddle,1
981,ESCHEWSPOLLUTEDAIR,EPA,1
982,HEATHCLIFFHUXTABLE,'The Cosby Show' father,1
983,JAMESABRAMGARFIELD,Slain president,1
984,MATUREVICTORMATURE,Fully grown actor?,1
985,OCCURSWHENABUNCHOF,"Riddle, part 2",1
986,PEGGYSUEGOTMARRIED,1986 Kathleen Turner film,1
987,TOSOMESPIRALSHELLS,"Riddle, part 3",1
988,WHATDIDTHENEXTDAYS,"Riddle, part 4",1
989,WHITESTANFORDWHITE,Pale architect?,1
990,ACACIAHADNTNOTICED,Tree failed to see?,1
991,ADIVORCEWHATDIDTHE,"Riddle, part 2",1
992,AFTERRAFTERDRAFTER,In pursuit of a roof beam designer?,1
993,BEDSMOUNTAINSPOEMS,Things with feet,1
994,BICYCLEBUILTFORTOW,Pedaled vehicle designed to pull things?,1
995,BOTTLESCAVESRIVERS,Things with mouths,1
996,GIVEAWAYTHEVENDING,Donate a soda machine's contents?,1
997,GOURMETDETAILSSELF,Epicure writes an autobiography?,1
998,MULTIPLICATIONSING,Karaoke get-together for math majors?,1
999,OFFERCOFFERSCOFFER,Propose placing a mocking person in a strongbox?,1
1000,POPLAROPINIONPOLLS,Surveys that get peoples' viewpoints on trees?,1
1001,SEVENTEENMADBRIDES,Almost a dozen and a half angry newlyweds?,1
1002,UNEATENEGGYDESSERT,End of the riddle,1
1003,VERAOFGOODFEELINGS,Actress Miles whose films produce warm fuzzies?,1
1004,AMONTHINTHECOUNTRY,1987 drama starring Colin Firth and Kenneth Branagh,1
1005,BOREDOMWHATDIDHEDO,End of the riddle,1
1006,INSULATETHEWINDOWS,How to avoid the draft,1
1007,MONARCHBUTTERFLIES,Their larvae feed on milkweed,1
1008,ORDERBEERINBOTTLES,How to avoid the draft,1
1009,PRISONERSJUMPSUITS,Cellblock garments,1
1010,PRODUCINGMORTARAND,"Riddle, part 2",1
1011,THEDAYTHEMUSICDIED,Sad occasion in 'American Pie',1
1012,ALBUQUERQUEJOURNAL,New Mexico's largest newspaper,1
1013,ATTHEENDOFONESROPE,No longer able to endure,1
1014,COMEOUTOFONESSHELL,Stop being so shy,1
1015,COMEUNDERSUSPICION,Begin to be distrusted,1
1016,CURVATUREOFTHESPIN,Bent path taken by a whirling object?,1
1017,HAVEABINONESBONNET,"Obsess on one idea, to a letter writer?",1
1018,HAVINGNOTIMETOSPAR,Too busy for boxing practice?,1
1019,HOWTHENEWESTWASWON,Method by which you got a very up-to-date prize?,1
1020,NEGATEDCOMMUNITIES,Ghost towns?,1
1021,SOMEONECANPURCHASE,"Riddle, part 3",1
1022,STRATOCUMULUSCLOUD,Low-altitude sky formation,1
1023,THEMARTOFTHEHATTER,Riddle's answer,1
1024,VARIOUSGARMENTSFOR,"Riddle, part 4",1
1025,WHENSOMEONEDECIDES,Start of a riddle,1
1026,WITHAFINETOOTHCOMB,Thorough way to go over something,1
1027,YDOFOOLSFALLINLOVE,"1956 hit song, to a letter writer?",1
1028,BADBREATHANDBEYOND,Riddle's answer,1
1029,BLOODSWEATANDTEARS,"[Family, Toil, Crying]",1
1030,CHRISTIESHOULDHAVE,"Riddle, part 2",1
1031,DAYLIGHTSAVINGTIME,'Spring forward' occasion hidden in 10 answers in this puzzle,1
1032,FARMEDANDDANGEROUS,Like terrain cultivated to grow poison mushrooms?,1
1033,FASTEROFCEREMONIES,One who doesn't eat during rituals?,1
1034,GIVEAWAYTHEFENDING,Let someone else have your warding-off job?,1
1035,LOCKSTOCKANDBARREL,"[Secure, Broth, Cask]",1
1036,MANYCONVENTMEMBERS,End of the riddle,1
1037,MICROSCOPICANATOMY,Histology,1
1038,MINIATURESCHNAUZER,Terrier type,1
1039,MYHEARTHWILLGLOWON,Riddle's answer,1
1040,PREPAREDSTATEMENTS,Declarations written out in advance,1
1041,SNOWCAPPEDFOUNTAIN,Outdoor drinking apparatus after a blizzard?,1
1042,WHATMIGHTYOUTITLEA,Start of a riddle,1
1043,WHATSHOULDONENAMEA,Start of a riddle,1
1044,ANODEONAGRECIANURN,Positive pole attached to an ornate Athenian vase?,1
1045,ARETRYINGTORUNAWAY,End of the riddle,1
1046,AROUNDASUPERMARKET,"Riddle, part 3",1
1047,BATTLESHIPPOTEMKIN,1925 Sergei Eisenstein film classic,1
1048,BERINGUNDERCONTROL,Danish explorer no longer going wild?,1
1049,CURRENTSELECTIONOF,"Riddle, part 5",1
1050,DONTDRINKANDDERIVE,Admonition against trying algebra problems after imbibing?,1
1051,GEORGESTEINBRENNER,Baseball owner called 'The Boss' [1930],1
1052,IFTHEPROBASKETBALL,Start of a riddle,1
1053,ITSUSAGAINSTANTHEM,Motto of a group opposing a national song?,1
1054,LOCOMOTIVEENGINEER,Train driver,1
1055,MARTINSHORTCIRCUIT,"Not 'Three Amigos,' but the 1986 comedy ...",1
1056,NATHANIELHAWTHORNE,'Twice-Told Tales' author [1804],1
1057,OFSTUDYISCONCERNED,"Riddle, part 2",1
1058,ONCEMOREWITHFELINE,Riddle's answer,1
1059,PHOENIXNIXESKNICKS,Riddle's answer,1
1060,STOCKSYMBOLFORVISA,V,1
1061,THEELEMENTVANADIUM,V,1
1062,VERONICALAKEPLACID,"Not 'This Gun for Hire,' but the 1999 monster movie ...",1
1063,WHENTHEACTINGCOACH,Start of a riddle,1
1064,COMMITTEEOFSEVENTY,Philadelphia election-monitoring group,1
1065,CULTURALREVOLUTION,1960s reform movement in China,1
1066,PLANINADVANCEWHICH,"Riddle, part 3",1
1067,PROFESSIONALBOWLER,Person paid for getting strikes,1
1068,REACHINGACRESCENDO,Building up to the loudest point,1
1069,REDWINGEDBLACKBIRD,American flier with scarlet patches,1
1070,ROCKANDROLLCROONER,"Riddle, part 2",1
1071,SELFCONGRATULATORY,"Saying 'Yay me!,' say",1
1072,STORAGECOMPARTMENT,"Locker, e.g.",1
1073,STORMOFCONTROVERSY,Uproar over a disputed matter,1
1074,TEENIEBEANIEBABIES,Collectible Happy Meal miniatures,1
1075,THIRTYYEARMORTGAGE,Long-term home loan option,1
1076,WHATCOULDHISNAMEBE,End of the riddle,1
1077,WHATISITSNEWPOLICY,End of the riddle,1
1078,ATTHETOPOFONESVISE,On a tool's upper surface?,1
1079,CENTEROFEXCELLENCE,ELLE,1
1080,CONIFEROUSFORECAST,Prediction that lots of pines and firs will grow?,1
1081,COUNTERSPUTTINGTHE,"Riddle, part 3",1
1082,EMBARRASSEDSKELTON,"Freddie the Freeloader portrayer, to Roget?",1
1083,GROCERIESINTOSACKS,"Riddle, part 4",1
1084,JACKSONMISSISSIPPI,Capital south of the Yazoo,1
1085,JOHNSONSPACECENTER,Astronaut training complex,1
1086,MOSTVALUABLEPLIERS,Priciest tool?,1
1087,NATIONWIDEGASOLINE,Engine fuel sold all over the country?,1
1088,OLYMPICASSOCIATION,Group overseeing quadrennial games?,1
1089,PIECEOFLEGISLATION,SLAT,1
1090,POWDERYSPRINGFIELD,"'Son of a Preacher Man' singer, to Roget?",1
1091,RECANTERSINSURANCE,Coverage for people renouncing their beliefs?,1
1092,ATRIOOFGUYSCANONLY,"Riddle, part 3",1
1093,BALLASTFROMTHEPAST,Obsolete provider of stability?,1
1094,BARBADOSUMATRARUBA,"Island chain, literally",1
1095,ENGRAVEDINVITATION,Fancy wedding mailing,1
1096,EQUIVOCALREPLYTOAN,"Riddle, part 5",1
1097,FIVEFRINGEDISCOUNT,Sale on items having a quintet of hanging decorative threads?,1
1098,GETAGRIPONYOURSELF,'Calm down!',1
1099,GOODWILLAMBASSADOR,Celebrity advocate for UNESCO,1
1100,ISABOUTAFREELOADER,"Riddle, part 2",1
1101,LOOKINGFORHANDOUTS,End of the riddle,1
1102,NOTJUSTAPRETTYCAFE,Bistro that's beautiful and also has great food?,1
1103,PONDEROSARBYSUBWAY,"Restaurant chain, literally",1
1104,PRONUNCIATIONGUIDE,Table in a dictionary,1
1105,REALLYUSEFULENGINE,"What Thomas became, in kid-lit",1
1106,SALINGERSONGWRITER,The Catcher in the Rye author's tune penner?,1
1107,SUCCEEDTOTHETHRONE,"Become king after being a prince, say",1
1108,THINGSTHATHAVEKEYS,Theme of this puzzle,1
1109,WRITTENEXAMINATION,Hurdle for a new driver's-license applicant,1
1110,COMPOSERMUSSORGSKY,MODEST,1
1111,SOMETHINGTHATBURNS,SINGER,1
1112,FIRENZENIGHTINGALE,Crimea heroine,1
1113,SIRACUSAUNIVERSITY,New York school,1
1114,EACHYEARITSATOSSUP,Dilemma:,1
1115,MADNESSORMYSTAMINA,Dilemma:,1
1116,BECKETTTOTHEFUTURE,Hit about an ultramodern writer?,1
1117,DISAPPOINTMENTBOOK,Calendar of regrets?,1
1118,DISCLOSEENCOUNTERS,Report UFO sightings?,1
1119,SEARCHFORDUMAURIER,Long-running soap about a straying writer?,1
1120,UNDERINVESTIGATION,Investiture location,1
1121,WEBSTERSCOLLEGIATE,This puzzle's theme source,1
1122,FIVECUPSOFCROUTONS,Add,1
1123,MEDIUMONIONCHOPPED,Add,1
1124,SALLYFIELDOFDREAMS,Actress grabs Costner sports epic,1
1125,THEPAPERCHEVYCHASE,Comic coopts Harvard Law drama,1
1126,BASEBALLBATMITZVAH,Jewish rite at Camden Yards?,1
1127,BLUEDEVILSADVOCATE,Coach K supporter?,1
1128,ELLENBURSTYNTOSONG,Vocalist piped in on impulse,1
1129,JIMCANTCARREYATUNE,The singing was off-key!,1
1130,THREEBANANOSECONDS,Time between slipping on a peel and hitting the pavement?,1
1131,TWOKILOMOCKINGBIRD,Under-five-pound mimic?,1
1132,COULDNTPASSMUSTARD,Had a condiment addiction?,1
1133,ELVESIMPERSONATORS,People clad as tiny toymakers?,1
1134,ITSTHESAMEOLDGRIND,"The exotic dancer replied, __",1
1135,LOUISVILLESLUGGARD,Kentucky couch potato?,1
1136,POISONCONTROLSANTA,Yule visitor sporting a Mr. Yuk sticker?,1
1137,THEPACEISKILLINGME,"The jockey replied, __",1
1138,BREEDINGPOPULATION,"Returning migratory birds, e.g.",1
1139,BRENDALEESTRASBERG,Singer married to an acting teacher?,1
1140,GRACIEALLENIVERSON,Comedian married to a hoopster?,1
1141,OLIVEGREENWITHENVY,"Jealous ""Popeye"" character?",1
1142,POPPEDINTOSAYHELLO,Visited briefly,1
1143,STARBUCKSTHESYSTEM,Headline about a maverick actor?,1
1144,THEYAIMFORTHESTARS,"Why go-getters, paparazzi and astronomers are alike?",1
1145,THEYRELATEBLOOMERS,"Why dried flowers, some teens, and a delayed shipment of undergarments are alike?",1
1146,CHICKENTIMEISTWOPM,Low Carb Hotel desk sign?,1
1147,PRELIMINARYHERRING,Appetizer at the court's low-carb cafe?,1
1148,TERNSTATESEVIDENCE,Be an avian rat?,1
1149,TOUCANPLAYTHATGAME,Avian threat of revenge?,1
1150,FOWLFLATONONESFACE,Result of a barnyard collision?,1
1151,HUDSONHOUNDSUNSHOD,Explorer harasses the barefooted?,1
1152,MINCEMEATORPUMPKIN,Pie to have next?,1
1153,PERSONTOPERSONCOWL,Hand-me-down hooded garment?,1
1154,POTATOESORSTUFFING,Side to have next?,1
1155,SPADERSPAREDPADRES,Actor saved baseball team?,1
1156,GLADTOOFFERSUMHELP,Math teacher's response to a compliment?,1
1157,ILLBEROOTINGFORYOU,... from a pig?,1
1158,INEVERTIREOFTHEJOB,At Michelin because __,1
1159,INOFFSHOREACCOUNTS,Where laundered cash may be found,1
1160,LOCKEDINABANKVAULT,Where stacks of hundreds may be found,1
1161,THANKSIKNEADEDTHAT,Baker's response to a compliment?,1
1162,THEYHAVEGREATPERKS,At Starbucks because __,1
1163,YOUREMYPRIDEANDJOY,... from a lion?,1
1164,THREEXSANDYOUREOUT,Informal term for a certain law punishing repeat offenders,1
1165,XWHILETHEIRONISHOT,Waste no time,1
1166,HATEYOUAWAYFROMTHE,Part 3 of the quote,1
1167,ISTOKEEPTHEGUYSWHO,Part 2 of the quote,1
1168,OUTOFNOTEBOOKEVENT,"Forget my homework?  No, I had an _____",1
1169,RESCHEDULEDARRIVAL,"Late to work?  No, I just had a _____",1
1170,ALLTHETIMETHENBOTH,Part 6 of the observation,1
1171,AUTOBODYEXPERIENCE,"Good mechanic wanted, must have ___",1
1172,COMETTOSTRIKEEARTH,"Stacking of cleanser cans precarious, tabloid-style",1
1173,CONTAINSSMALLPARTS,Memo on off-Broadway plays,1
1174,DEIFIESDESCRIPTION,"Dedicated PR man wanted, one who ___",1
1175,HARMFULIFSWALLOWED,Memo on campaign promises,1
1176,LEADTURNEDINTOGOLD,"Winner sold pencils to get to Olympics, tabloid-style",1
1177,MAYCAUSEDROWSINESS,Memo on campaign speeches,1
1178,NOTYOURAVERAGEBULL,Superior optimist?,1
1179,TAKEONLYASDIRECTED,Memo to movie cameramen,1
1180,THEBATTLEOFBEARRUN,Fight over a fleeing pessimist?,1
1181,THESAMEJOBAGREEALL,Part 2 of the observation,1
1182,MYDOGATEMYHOMEWORK,Invalid claim from a student,1
1183,RECONSTRUCTIONACTS,About roofing and flooring?,1
1184,RECURRENTNIGHTMARE,About a shocking bad dream?,1
1185,TANAMERICANINPARIS,George Hamilton at the Eiffel Tower?,1
1186,THECHECKSINTHEMAIL,Invalid claim from a debtor,1
1187,THORNRIMMEDGLASSES,Dangerous spectacles?,1
1188,APPLETURNOVERRISES,Computer giant loses employees at growing rate!,1
1189,ARRANGEYOURANSWERS,See 25-Across,1
1190,BOOTSTOONESSPIRITS,Getting a kick when you're already down?,1
1191,CONFINEDTOQUARTERS,Dow Jones reports on profit taking,1
1192,DIMINISHINGRETURNS,Cosmopolitan reports on miniskirt comeback,1
1193,OWNERCLOSESGATEWAY,Founder of PC company abruptly shuts up shop!,1
1194,TSARSHIPENTERPRISE,Business started by Ivan the Terrible?,1
1195,ARCHAEOLOGICALDIGS,King Tut's living quarters?,1
1196,BYDECEITOFHERPANTS,How the woman achieved slim-looking hips?,1
1197,DARKHORSECANDIDATE,Political long shot,1
1198,DOWNTOONESLASTCENT,Nearly destitute,1
1199,GOTHROUGHDEMOTIONS,Make one's way down the corporate ladder?,1
1200,HOTBEVERAGESAREHOT,Actual alert on a cup,1
1201,MAYCAUSEDROWSINESS,Actual heads-up on a bottle of sleeping pills,1
1202,NEWSKIDSONTHEBLOCK,Local paperboys?,1
1203,WHITETAILDEERFREED,Game animals released?,1
1204,WINNIETHEPOOHWHOOP,Cry from the Hundred Acre Woods?,1
1205,OUTOFTHEBLUECHEESE,How a dairy farmer makes instant salad dressing?,1
1206,YOUCANCALLMEALPINE,Theme song for tree farmer Paul Simon?,1
1207,ADRYWHITESEASONING,Salt?,1
1208,DUNNOANDBRADSTREET,Confused partners in the business world?,1
1209,SPLITPERSONALITIES,Herculean labor at a psychiatrist's office,1
1210,THECATCHERINTHERYE,"Which player made three errors today, Mr. Salinger?",1
1211,THEGOODOLDDAYSWERE,Start of a quip,1
1212,THELIGHTTHATFAILED,"What made that intersection so dangerous, Mr. Kipling?",1
1213,THEPELICANBRIEFING,Lecture on how to handle big bills?,1
1214,TOSSBACKAFEWDRINKS,Herculean labor at the bar,1
1215,WORKSWITHOUTANONET,Doesn't need nine musicians for a gig?,1
1216,YOUCANNOTLIVEONNOW,End of the quip,1
1217,BUTTOTHEENGINEERIT,Part 4 of the quip,1
1218,INFECTIOUSLAUGHTER,Health plan's exclusion for gigglers?,1
1219,ISHALFFULLANDTOTHE,Part 2 of the quip,1
1220,ITCHYTRIGGERFINGER,Health plan's exclusion for hired guns?,1
1221,NOPERCHESNECESSARY,Sign for a standing-only bar?,1
1222,PARISHFORTHECOURSE,Golf-loving church district?,1
1223,SELFRISINGFLOURISH,Fanfare to build up one's ego?,1
1224,THEPRINTSOFTHECITY,Sign for an urban photographer?,1
1225,COMPLIMENTSFORFISH,"Oh, what lovely scales you have, and so on?",1
1226,IRECEIVEATONOFSPAM,Start of an observation by Bill Gates,1
1227,OUTSTANDINGWARRANT,The police noticed that I had a simply ___...,1
1228,POSITIONFORJOCKEYS,"Bent low over the horse's neck, say?",1
1229,SMOTHERSWITHONIONS,"Dresses up, as a hamburger",1
1230,SPECIALPROSECUTORS,...and the case against me was presented by some very ___,1
1231,THEBIRTHOFTHEBLUES,Sammy Davis Jr. signature song,1
1232,THELASTPICTURESHOW,Jeff Bridges film sponsored by an auto additive,1
1233,WELCOMETOHARDTIMES,Henry Fonda film sponsored by a cleanser,1
1234,WERENTSOIRRITATING,End of the observation,1
1235,PRODUCTIVITYISDOWN,Part 5 of the memo,1
1236,THEBANANABLOATSONG,Tune about the woes of eating too much fruit?,1
1237,TOTALLYBLOGGEDDOWN,Overwhelmed by one's online journal?,1
1238,UNTILFURTHERNOTICE,Part 1 of a memo from a CEO who just returned from a 49-Across,1
1239,AWAYFROMFLYINGFOOD,"Soup can: ""Lift tab to rim. Pull up and back""...",1
1240,BELGRADEPOINTGUARD,Ball-handling hoopster from Serbia?,1
1241,NOASSEMBLYREQUIRED,Disproved! There was more than one part!,1
1242,SANTIAGOFISHMONGER,Seller of Chilean sea bass?,1
1243,SUPPLIESARELIMITED,Disproved! They have a whole warehouse of 'em!,1
1244,UNTILTHEYORYOUSNAP,"Ibuprofen: ""Line up arrows on cap and bottle. Push cap with thumbs""...",1
1245,ARCHBISHOPEMERITUS,Catholic retiree,1
1246,ARTHURSCHOPENHAUER,Proponent of the philosophy of pessimism,1
1247,LIVINGHIGHONTHEHOG,How the capitalist pig enjoys his wealth,1
1248,THEPICKOFTHELITTER,What the capitalist pig's financial clout gives him when shopping,1
1249,BASESWITCHESDRILLS,...changing the routine at a military installation?,1
1250,GRIMEANDPUNISHMENT,Memoirs of a sadistic cleaning lady?,1
1251,HOLLYWOODENCODINGS,Conversions of films into digital form?,1
1252,HOMEWORKASSIGNMENT,Handyman's job?,1
1253,LIFETIMEEMPLOYMENT,Cable network exec's job?,1
1254,MEDICALAPPOINTMENT,Surgeon General's job?,1
1255,MILITARYOCCUPATION,General's job?,1
1256,MIXINGTHEMERCILESS,Getting stony-hearted folks to mingle?,1
1257,OXIDEONAGRECIANURN,Rust problem at the antiquities museum?,1
1258,PORTNOISECOMPLAINT,Memoirs of a harbor master?,1
1259,STRIPSURGESFORWARD,...a big increase in Vegas casino profits?,1
1260,THECAPECODCRUSADER,Champion for a Massachusetts resort region?,1
1261,UNFINISHEDSYMPHONY,Patriot's favorite Schubert work,1
1262,UNMANNEDSPACECRAFT,Patriot's planetary probe,1
1263,BALLSTATETABLESALT,Seasoning from an Indiana university?,1
1264,CECINESTPASUNEPIPE,"Words on Magritte's painting ""The Treachery of Images""",1
1265,FRANKFORTUNETELLER,Man who can see ahead?,1
1266,GRANDSLAWBREAKFAST,Diner special for cabbage lovers?,1
1267,HIGHPRESSUREMASHER,Gadget intended for use on tough potatoes?,1
1268,JUNEAUTOBIOGRAPHER,Woman who talks about herself?,1
1269,SETONHALLSELLATHON,Car dealer's event at a New Jersey university?,1
1270,SPECIALVICTIMSUNIT,Department for Detectives Stabler and Benson,1
1271,ARRAIGNCATSANDDOGS,Bring pets up on charges?,1
1272,GIANTCHOCOLATECHIP,"*Hershey's Kiss, essentially?",1
1273,NOTWORTHAREDASSENT,Like proposals in the Politburo that have zero support?,1
1274,PARROTFORTHECOURSE,Roasted cockatoo serves as an entree?,1
1275,ROTTENCOMMANDMENTS,Edicts that are just plain crummy?,1
1276,TAPECHRISTMASBELLS,*Make a recording of Salvation Army Santas?,1
1277,MINIVANTHETERRIBLE,Moniker for a big lemon?,1
1278,RUNNINGOUTOFGAMINS,Result of reducing the young homeless population?,1
1279,STRUTTINGONESSTUFF,Showing off,1
1280,STYLEOVERSUBSTANCE,Critique of many an arty movie,1
1281,THEATREINTHEGROUND,Site to see subterranean Shakespeare?,1
1282,UPTOONESGOLDTRICKS,What the alchemist was accused of being?,1
1283,CHICKENALAKINGKONG,"All right, how about poultry with a huge hairy ape?",1
1284,HOTDOGDAYAFTERNOON,"Well, then maybe a frank with Al Pacino?",1
1285,MAKEFILMSABOUTTHEM,End of the quote,1
1286,SHAKERATTLEANDROLL,Bill Haley & His Comets song that would be a poor choice for use in a U-Haul ad?,1
1287,THEONLYWAYTOGETRID,"Start of a quote by this puzzle's honoree, whose 120th birthday is August 13, 2019",1
1288,WERENOTGONNATAKEIT,Twisted Sister song that would be a poor choice for use in a FedEx ad?,1
1289,BURSTINGATTHESEAMS,"Overflowing, or what the words in the circles are?",1
1290,COLUMBIAUNIVERSITY,Barack Obama's alma mater,1
1291,CUTOUTOFWHOLECLOTH,"Completely false, or what the letters between the circles are?",1
1292,EMOTICONSECONOMIST,Applicant must be able to explain finance using symbols like ;-),1
1293,HONORABLEDISCHARGE,Reward for good service?,1
1294,PRESBYTERIANCHURCH,Eisenhower was a member of it,1
1295,READTHERIOTACTRESS,Take part in an audition for a movie about an uprising?,1
1296,SATANISTSASSISTANT,Applicant must help a group of pentagram worshipers,1
1297,SIGNIFICANTFIGURES,Digits denoting the degree of accuracy,1
1298,UNFINISHEDBUSINESS,Bus?,1
1299,UNFULFILLEDPROMISE,Prom?,1
1300,WAITRESSINTHEWINGS,Server who had a Buffalo chicken mishap?,1
1301,SAINTVERONICAHAMEL,"""VENERABLE""",1
1302,LOVELYRITAHAYWORTH,"""ENCHANTING""",1
1303,ADMITTINGPHYSICIAN,"""Okay, I pulled the plug. So sue me.""",1
1304,CONTROLLINGPARTNER,"""Honey, you're wearing THAT?""",1
1305,WYETHTHEREAPROBLEM,"""You're not O.K. with that, bub?""",1
1306,WHATANHOPPERTUNITY,"""This could lead to something big!""",1
1307,THANKYOUFORNOTHING,"""Don't do me any favors""",1
1308,PILLSBURYBAKEONOFF,Winning it is a sweet victory,1
1309,DESSERTANDCONOFFEE,End-of-meal serving,1
1310,QEDHOTCHILIPEPPERS,"""Therefore, I have proven the existence of jalapenos!""?",1
1311,PRETRICKTREATMENTS,Stain looseners on washday,1
1312,PEACETRICKTREATIES,War enders,1
1313,JUSTAVERAGELOOKING,"However, this man was balding, gray-haired and ...",1
1314,WHENDIDYOUGRADUATE,"Nevertheless, she asked him if he had attended her high school, and after he said yes, she asked ""...?""",1
1315,SITDOWNRESTAURANTS,"""The chair doesn't recognize you, steakhouse and chophouse!""",1
1316,DONTLEAVEMEHANGING,"""I'd be miserable without you, tapestry!""",1
1317,GOINGTOBEARELATIVE,"""Where there's a will, there's ...""",1
1318,REDEFINETHEMISSION,"""If at first you don't succeed ...""",1
1319,CARBONATEDHHOWATER,Seltzer,1
1320,ONTHEHHOWATERFRONT,Best Picture inspired by a Pulitzer-winning series of newspaper articles,1
1321,FRESHHHOWATERPEARL,Necklace decoration that's not from the sea,1
1322,WONTGETFUELEDAGAIN,"""Hey, what did you think when you missed that last pit stop?"" [The Who, 1971]",1
1323,LIVINLAVEHICLELOCA,"""Are you enjoying your time out on the Nascar circuit?"" [Ricky Martin, 1999]",1
1324,GHYPHENRATEDCHEESE,Schmaltz in kids' films?,1
1325,CHICKENCOHYPHENOPS,Some apartments for scaredy-cats?,1
1326,CURBYOURSUNATHEISM,"""Stop insisting Ra doesn't exist!""?",1
1327,MYSIRELOVESCOMPANY,"""The king really wants to be around people right now""?",1
1328,ADREAMWITHINADREAM,"Question to an English teacher: ""Why did Poe write his poem ""___""? Answer: ""___?"" (with 98-Across)",1
1329,WHATAMIAMINDREADER,See 31-Across,1
1330,AROCKETANDLAUNCHED,"Question, part 3",1
1331,ATALLWOULDSOMEBODY,"Question, part 4",1
1332,BLASTOFTHEMOHICANS,Algonquian-speaking tribe's wild party?,1
1333,BREACHINGADECISION,Acting contrary to the court's verdict?,1
1334,BUTTHEFLASHWASWEAK,End of answer,1
1335,EDENWEARINGNOTHING,"Question, part 3",1
1336,EXACTINGPRESIDENTS,Very demanding heads of state?,1
1337,EXAMPLEOPPORTUNITY,Good time to use an illustration?,1
1338,HAWKLIONANDSTINKER,End of quip,1
1339,HEWASHAVINGTROUBLE,Start of riddle's answer,1
1340,IDLIKEACUPOFCOFFEE,Start of a diner patron's request,1
1341,LOUISIANACUCARACHA,State Mexican song?,1
1342,MAKINGBOTHENDSMEAT,End of answer,1
1343,NEEDTOSELLSAUSAGES,"Riddle, Part 2",1
1344,PENNSYLVANIAKETTLE,State movie-series character?,1
